model,incident_id,pr_auc
M1_full,bsc_token_hub_2022,1.0
M1_full,chibi_finance_2023,1.0
M1_full,deltaprime_arbitrum_2024,0.8618035190615836
M1_full,feg_bridge_2024,0.8303030303030303
M1_full,hackerdao_2022,0.5053179824561403
M1_full,magic_abracadabra_arbitrum_2025,0.9502840909090909
M1_full,new_free_dao_2022,1.0
M1_full,paraluni_2022,0.5894277203790993
M1_full,qbridge_qubit_2022,0.8943452380952381
M1_full,radiant_capital_arbitrum_2024,1.0
M1_full,ronin_bridge_2022,0.6792857142857143
M1_full,utopiasphere_2024,1.0
M1_full,wault_finance_2021,0.928409090909091
M1_full,wooppv2_2024,0.8581043956043957
M1_full,xkingdom_2024,1.0
M1_no_temporal,bsc_token_hub_2022,1.0
M1_no_temporal,chibi_finance_2023,1.0
M1_no_temporal,deltaprime_arbitrum_2024,0.8287037037037037
M1_no_temporal,feg_bridge_2024,0.12536156306494228
M1_no_temporal,hackerdao_2022,0.4492167919799499
M1_no_temporal,magic_abracadabra_arbitrum_2025,1.0
M1_no_temporal,new_free_dao_2022,1.0
M1_no_temporal,paraluni_2022,0.5761801160337553
M1_no_temporal,qbridge_qubit_2022,0.8358134920634921
M1_no_temporal,radiant_capital_arbitrum_2024,1.0
M1_no_temporal,ronin_bridge_2022,0.6556520562770562
M1_no_temporal,utopiasphere_2024,0.9704861111111112
M1_no_temporal,wault_finance_2021,0.8948412698412699
M1_no_temporal,wooppv2_2024,0.9659090909090909
M1_no_temporal,xkingdom_2024,1.0
M1_no_motif,bsc_token_hub_2022,1.0
M1_no_motif,chibi_finance_2023,1.0
M1_no_motif,deltaprime_arbitrum_2024,0.8665824915824916
M1_no_motif,feg_bridge_2024,0.39151515151515154
M1_no_motif,hackerdao_2022,0.6412867024280068
M1_no_motif,magic_abracadabra_arbitrum_2025,0.9186507936507937
M1_no_motif,new_free_dao_2022,0.8976190476190475
M1_no_motif,paraluni_2022,0.5911049769281477
M1_no_motif,qbridge_qubit_2022,0.9089285714285714
M1_no_motif,radiant_capital_arbitrum_2024,1.0
M1_no_motif,ronin_bridge_2022,0.6330357142857143
M1_no_motif,utopiasphere_2024,1.0
M1_no_motif,wault_finance_2021,0.9472222222222222
M1_no_motif,wooppv2_2024,0.8860479797979799
M1_no_motif,xkingdom_2024,1.0
M1_with_bridge_context,bsc_token_hub_2022,1.0
M1_with_bridge_context,chibi_finance_2023,1.0
M1_with_bridge_context,deltaprime_arbitrum_2024,0.8419642857142857
M1_with_bridge_context,feg_bridge_2024,0.212005772005772
M1_with_bridge_context,hackerdao_2022,0.42325937950937953
M1_with_bridge_context,magic_abracadabra_arbitrum_2025,0.9502840909090909
M1_with_bridge_context,new_free_dao_2022,0.9379251700680271
M1_with_bridge_context,paraluni_2022,0.598409819759565
M1_with_bridge_context,qbridge_qubit_2022,0.8113553113553114
M1_with_bridge_context,radiant_capital_arbitrum_2024,1.0
M1_with_bridge_context,ronin_bridge_2022,0.5693612637362637
M1_with_bridge_context,utopiasphere_2024,1.0
M1_with_bridge_context,wault_finance_2021,0.9381313131313131
M1_with_bridge_context,wooppv2_2024,0.8581043956043957
M1_with_bridge_context,xkingdom_2024,1.0
