model,fold,held_out_group,n_val_rows,n_val_positive,n_val_negative,pr_auc,macro_f1,flagged_data_limitation
B0,0,bsc_token_hub_2022,144,8,136,0.05555555555555555,0.4857142857142857,False
B0,1,chibi_finance_2023,51,8,43,0.1568627450980392,0.4574468085106383,False
B0,2,deltaprime_arbitrum_2024,136,4,132,0.029411764705882353,0.4925373134328358,False
B0,3,feg_bridge_2024,38,5,33,0.13157894736842105,0.4647887323943662,False
B0,4,paraluni_2022,108,8,100,0.07407407407407407,0.4807692307692308,True
B0,5,qbridge_qubit_2022,165,8,157,0.048484848484848485,0.48757763975155277,False
B0,6,ronin_bridge_2022,105,8,97,0.0761904761904762,0.4801980198019802,False
B0,7,utopiasphere_2024,51,7,44,0.13725490196078433,0.4631578947368421,False
B0,8,wault_finance_2021,116,8,108,0.06896551724137931,0.48214285714285715,True
B0,9,wooppv2_2024,41,4,37,0.0975609756097561,0.47435897435897434,False
B0,10,xkingdom_2024,47,7,40,0.14893617021276595,0.45977011494252873,False
B0,MEAN,ALL_FOLDS,1002,75,927,0.09317054331836205,0.4753147155960084,False
B0,STD,ALL_FOLDS,1002,75,927,0.04190918251162401,0.011582765122167623,False
B1,0,bsc_token_hub_2022,144,8,136,0.5493827160493827,0.4857142857142857,False
B1,1,chibi_finance_2023,51,8,43,0.6524074074074074,0.6673913043478261,False
B1,2,deltaprime_arbitrum_2024,136,4,132,0.1191770996348461,0.4925373134328358,False
B1,3,feg_bridge_2024,38,5,33,0.8333333333333334,0.4647887323943662,False
B1,4,paraluni_2022,108,8,100,0.45915061467387047,0.4807692307692308,True
B1,5,qbridge_qubit_2022,165,8,157,0.484422514619883,0.7405660377358491,False
B1,6,ronin_bridge_2022,105,8,97,0.646106821106821,0.4801980198019802,False
B1,7,utopiasphere_2024,51,7,44,0.743437862950058,0.4631578947368421,False
B1,8,wault_finance_2021,116,8,108,0.8582740788623142,0.48214285714285715,True
B1,9,wooppv2_2024,41,4,37,0.36764705882352944,0.47435897435897434,False
B1,10,xkingdom_2024,47,7,40,0.9107142857142857,0.45977011494252873,False
B1,MEAN,ALL_FOLDS,1002,75,927,0.6021867084705209,0.5173995241252342,False
B1,STD,ALL_FOLDS,1002,75,927,0.2264398120911621,0.08983589136929988,False
B2,0,bsc_token_hub_2022,144,8,136,0.5800339366515836,0.76370200196915,False
B2,1,chibi_finance_2023,51,8,43,0.588095238095238,0.4574468085106383,False
B2,2,deltaprime_arbitrum_2024,136,4,132,0.025527281956329258,0.4925373134328358,False
B2,3,feg_bridge_2024,38,5,33,0.13513513513513514,0.4647887323943662,False
B2,4,paraluni_2022,108,8,100,0.05721189474258423,0.4807692307692308,True
B2,5,qbridge_qubit_2022,165,8,157,0.10737461610378117,0.4827586206896552,False
B2,6,ronin_bridge_2022,105,8,97,0.23100113738549935,0.4801980198019802,False
B2,7,utopiasphere_2024,51,7,44,0.14213290265334028,0.4631578947368421,False
B2,8,wault_finance_2021,116,8,108,0.37280818310230074,0.48214285714285715,True
B2,9,wooppv2_2024,41,4,37,1.0,0.47435897435897434,False
B2,10,xkingdom_2024,47,7,40,0.08902398403194506,0.45977011494252873,False
B2,MEAN,ALL_FOLDS,1002,75,927,0.30257675544161244,0.5001482335226417,False
B2,STD,ALL_FOLDS,1002,75,927,0.2906741238499158,0.08402171444719714,False
