held_out_group,n_val_rows,n_val_positive,n_val_negative,threshold_chosen_on_inner_train_oof,pr_auc,recall_at_fpr_0.01,macro_f1,false_alerts_per_1000,model,flagged_data_limitation
bsc_token_hub_2022,170,8,162,1.0,0.047058823529411764,0.0,0.4879518072289157,0.0,B0,False
chibi_finance_2023,70,8,62,1.0,0.11428571428571428,0.0,0.4696969696969697,0.0,B0,False
deltaprime_arbitrum_2024,155,4,151,1.0,0.025806451612903226,0.0,0.4934640522875817,0.0,B0,False
feg_bridge_2024,50,5,45,1.0,0.1,0.0,0.47368421052631576,0.0,B0,False
paraluni_2022,154,8,146,1.0,0.05194805194805195,0.0,0.4866666666666667,0.0,B0,True
qbridge_qubit_2022,225,8,217,1.0,0.035555555555555556,0.0,0.49095022624434387,0.0,B0,False
ronin_bridge_2022,122,8,114,1.0,0.06557377049180328,0.0,0.4830508474576271,0.0,B0,False
utopiasphere_2024,69,7,62,1.0,0.10144927536231885,0.0,0.4732824427480916,0.0,B0,False
wault_finance_2021,164,8,156,1.0,0.04878048780487805,0.0,0.4875,0.0,B0,True
wooppv2_2024,57,4,53,1.0,0.07017543859649122,0.0,0.4818181818181818,0.0,B0,False
xkingdom_2024,68,7,61,1.0,0.10294117647058823,0.0,0.4728682170542636,0.0,B0,False
bsc_token_hub_2022,170,8,162,0.28,0.5408163265306123,0.5,0.8272357723577235,0.0,B1,False
chibi_finance_2023,70,8,62,0.3181818181818182,0.6387983091787439,0.375,0.7533474277660324,0.0,B1,False
deltaprime_arbitrum_2024,155,4,151,0.28,0.11386270890011659,0.0,0.4934640522875817,0.0,B1,False
feg_bridge_2024,50,5,45,0.28,0.625,0.0,0.47368421052631576,0.0,B1,False
paraluni_2022,154,8,146,0.2727272727272727,0.4520348411652759,0.375,0.7189048239895698,12.987012987012989,B1,True
qbridge_qubit_2022,225,8,217,0.34375,0.4699902730537716,0.375,0.722760077451153,8.88888888888889,B1,False
ronin_bridge_2022,122,8,114,0.28,0.637255162869917,0.5,0.8247126436781609,0.0,B1,False
utopiasphere_2024,69,7,62,0.2727272727272727,0.6272769836679611,0.14285714285714285,0.5839793281653747,14.492753623188406,B1,False
wault_finance_2021,164,8,156,0.28,0.8446428571428571,0.75,0.6905660377358491,0.0,B1,True
wooppv2_2024,57,4,53,0.28,0.3333333333333333,0.0,0.4818181818181818,0.0,B1,False
xkingdom_2024,68,7,61,0.28,0.9107142857142857,0.2857142857142857,0.4728682170542636,0.0,B1,False
bsc_token_hub_2022,170,8,162,1.0,0.6581355911450681,0.625,0.4879518072289157,0.0,B2,False
chibi_finance_2023,70,8,62,1.0,0.7568452380952382,0.0,0.4696969696969697,0.0,B2,False
deltaprime_arbitrum_2024,155,4,151,1.0,0.046894409937888196,0.0,0.4934640522875817,0.0,B2,False
feg_bridge_2024,50,5,45,1.0,0.10638297872340426,0.0,0.47368421052631576,0.0,B2,False
paraluni_2022,154,8,146,1.0,0.04426788000731663,0.0,0.4866666666666667,0.0,B2,True
qbridge_qubit_2022,225,8,217,1.0,0.04122843761647943,0.0,0.49095022624434387,0.0,B2,False
ronin_bridge_2022,122,8,114,1.0,0.49006132756132753,0.0,0.4830508474576271,0.0,B2,False
utopiasphere_2024,69,7,62,1.0,0.22733990147783253,0.0,0.4732824427480916,0.0,B2,False
wault_finance_2021,164,8,156,1.0,0.03470894260690579,0.0,0.4875,0.0,B2,True
wooppv2_2024,57,4,53,1.0,0.3715277777777778,0.0,0.4818181818181818,0.0,B2,False
xkingdom_2024,68,7,61,1.0,0.9285714285714284,0.8571428571428571,0.4728682170542636,0.0,B2,False
bsc_token_hub_2022,170,8,162,0.6465069532480809,0.5759799934938191,0.5,0.8000470477534698,5.88235294117647,B3,False
chibi_finance_2023,70,8,62,0.7122456660131858,1.0,1.0,0.8728043609933374,0.0,B3,False
deltaprime_arbitrum_2024,155,4,151,0.6397085201793722,0.6237373737373737,0.5,0.6950819672131148,0.0,B3,False
feg_bridge_2024,50,5,45,0.6122759691437616,0.8261904761904761,0.4,0.47368421052631576,0.0,B3,False
paraluni_2022,154,8,146,0.7523994663168273,0.4252071789962229,0.375,0.7643097643097643,0.0,B3,True
qbridge_qubit_2022,225,8,217,0.698740461414939,0.689853896103896,0.5,0.7021688219122288,44.44444444444444,B3,False
ronin_bridge_2022,122,8,114,0.6735471458071823,0.8420454545454544,0.625,0.8247126436781609,0.0,B3,False
utopiasphere_2024,69,7,62,0.7074513005144877,1.0,1.0,1.0,0.0,B3,False
wault_finance_2021,164,8,156,0.6513428943423178,0.7697781385281386,0.25,0.6540084388185654,12.195121951219512,B3,True
wooppv2_2024,57,4,53,0.5918685593658869,1.0,1.0,0.4818181818181818,0.0,B3,False
xkingdom_2024,68,7,61,0.6848174963844275,0.9999999999999998,1.0,0.9574734208880551,0.0,B3,False
