method,bin,n,mean_pred,frac_pos
raw,0,1549,0.007579042765743865,0.020012911555842477
raw,1,55,0.13913567364215848,0.05454545454545454
raw,2,42,0.2433368858127367,0.11904761904761904
raw,3,19,0.3565323164588527,0.21052631578947367
raw,4,26,0.4533024143714171,0.15384615384615385
raw,5,24,0.5375877345601717,0.20833333333333334
raw,6,18,0.6517704261673821,0.5555555555555556
raw,7,19,0.7563109554742512,0.21052631578947367
raw,8,27,0.8530580445572182,0.2962962962962963
raw,9,76,0.9640075219304938,0.5526315789473685
isotonic,0,1609,0.024115065939028842,0.022995649471721565
isotonic,1,66,0.15414014159149497,0.16666666666666666
isotonic,2,36,0.22664577216506698,0.2777777777777778
isotonic,3,29,0.31974575124497756,0.3793103448275862
isotonic,4,74,0.4188705234511174,0.36486486486486486
isotonic,5,17,0.5722761414465356,0.29411764705882354
isotonic,6,6,0.6414141414141413,1.0
isotonic,7,4,0.7548076923076923,1.0
isotonic,8,5,0.8338235294117646,0.0
isotonic,9,9,0.9935114861697141,0.5555555555555556
platt,0,1556,0.02243620893826109,0.021208226221079693
platt,1,122,0.14338254072487466,0.11475409836065574
platt,2,62,0.23959497560301193,0.3064516129032258
platt,3,33,0.3555004404621155,0.30303030303030304
platt,4,32,0.4492249387811248,0.5
platt,5,17,0.5500516079023028,0.4117647058823529
platt,6,17,0.6563079089417927,0.35294117647058826
platt,7,8,0.7389231893337499,0.875
platt,8,8,0.8429720541170411,0.5
