incident_id,chain,positive_fan_out,max_fan_out_new,n_checkable,n_pass_old_threshold,n_pass_new_threshold,n_newly_passing
ronin_bridge_2022,eth,2.0,3,32,9,9,0
ronin_bridge_2022,eth,2.0,3,0,0,0,0
ronin_bridge_2022,eth,2.0,3,0,0,0,0
qbridge_qubit_2022,bsc,3.0,3,87,1,1,0
feg_bridge_2024,eth,1.0,3,92,1,1,0
deltaprime_arbitrum_2024,arbitrum,2.0,3,56,0,0,0
bsc_token_hub_2022,bsc,4.0,3,45,4,4,0
chibi_finance_2023,arbitrum,3.0,3,10,0,0,0
wooppv2_2024,arbitrum,2.0,3,9,5,5,0
utopiasphere_2024,bsc,3.0,3,18,0,0,0
xkingdom_2024,arbitrum,2.0,3,3,1,1,0
wault_finance_2021,bsc,2.0,3,0,0,0,0
wault_finance_2021,bsc,2.0,3,88,0,0,0
paraluni_2022,bsc,3.0,3,87,1,1,0
