incident_id,chain,n_actions,duration_h,n_bridge_deposit,n_swap,n_mixer_or_exit,endpoint_idx,endpoint_type,n_negatives,n_neg_mined,n_neg_complex,n_neg_control,neg_len_median
bsc_token_hub_2022,bsc,364,63.69027777777778,0,106,0,1.0,lending_deposit,45,41,3,1,1.0
chibi_finance_2023,arbitrum,40,12.560277777777777,2,10,0,19.0,bridge_deposit,34,24,10,0,1.5
deltaprime_arbitrum_2024,arbitrum,22,23.254166666666666,1,1,0,8.0,bridge_deposit,74,65,8,1,6.0
feg_bridge_2024,eth,9,0.18,0,0,9,1.0,mixer_or_exit,42,31,10,1,1.0
hackerdao_2022,bsc,35,60.82555555555555,0,2,4,,,9,9,0,0,516.0
magic_abracadabra_arbitrum_2025,arbitrum,90,12.721111111111112,2,3,0,31.0,bridge_deposit,24,24,0,0,18.5
new_free_dao_2022,bsc,12,0.2575,0,0,12,1.0,mixer_or_exit,13,13,0,0,2.0
paraluni_2022,bsc,425,71.86277777777778,0,63,0,,,19,12,7,0,13.0
qbridge_qubit_2022,bsc,643,71.56194444444445,0,69,0,,,34,26,7,1,7.5
radiant_capital_arbitrum_2024,arbitrum,243,22.164444444444445,56,4,0,7.0,bridge_deposit,25,25,0,0,21.0
ronin_bridge_2022,eth,331,48.23722222222222,0,3,0,,,74,64,9,1,1.0
utopiasphere_2024,bsc,37,42.525,20,7,0,10.0,bridge_deposit,29,22,7,0,2.0
wault_finance_2021,bsc,37,68.60472222222222,0,20,0,,,25,18,7,0,7.0
wooppv2_2024,arbitrum,16,0.6736111111111112,2,4,0,5.0,bridge_deposit,35,25,10,0,1.0
xkingdom_2024,arbitrum,68,4.773333333333333,20,0,0,1.0,bridge_deposit,32,22,10,0,3.0
