incident_id,te,te_action_type,trajectory_len,alert_prefix_len,alert_prefix_bucket,alert_ta,lead_time_sec,lead_steps,detected_before_endpoint,never_alerted
feg_bridge_2024,2024-12-29 05:57:23+00:00,mixer_or_exit,9,7.0,ratio_75,2024-12-29 06:02:23+00:00,-300.0,2.0,False,False
deltaprime_arbitrum_2024,2024-11-11 10:15:14+00:00,bridge_deposit,23,12.0,ratio_50,2024-11-11 13:47:16+00:00,-12722.0,11.0,False,False
bsc_token_hub_2022,2022-10-06 15:19:57+00:00,lending_deposit,362,3.0,k_3,2022-10-06 15:57:51+00:00,-2274.0,359.0,False,False
chibi_finance_2023,2023-06-27 07:47:58+00:00,bridge_deposit,40,2.0,k_2,2023-06-27 07:40:29+00:00,449.0,38.0,True,False
wooppv2_2024,2024-03-05 16:08:05+00:00,bridge_deposit,16,,,,,,,True
utopiasphere_2024,2024-07-21 11:53:41+00:00,bridge_deposit,37,3.0,k_3,2024-07-21 11:12:24+00:00,2477.0,34.0,True,False
xkingdom_2024,2024-01-06 16:29:33+00:00,bridge_deposit,73,5.0,k_5,2024-01-06 16:32:02+00:00,-149.0,68.0,False,False
radiant_capital_arbitrum_2024,2024-10-16 17:38:35+00:00,bridge_deposit,248,2.0,k_2,2024-10-16 17:33:22+00:00,313.0,246.0,True,False
magic_abracadabra_arbitrum_2025,2025-03-25 12:05:26+00:00,bridge_deposit,88,22.0,ratio_25,2025-03-25 09:43:31+00:00,8515.0,66.0,True,False
new_free_dao_2022,2022-05-10 19:02:25+00:00,mixer_or_exit,12,3.0,ratio_25,2022-05-10 19:03:52+00:00,-87.0,9.0,False,False
