model,metric,mean_point_estimate,ci_low_95,ci_high_95,n_incidents,n_boot_valid
B0,pr_auc,0.04984545725381896,0.04196780892034415,0.07285790293215257,12.0,2000.0
B0,pr_auc_incident_bsc_token_hub_2022,0.04419889502762431,,,,
B0,pr_auc_incident_chibi_finance_2023,0.11428571428571428,,,,
B0,pr_auc_incident_deltaprime_arbitrum_2024,0.047619047619047616,,,,
B0,pr_auc_incident_feg_bridge_2024,0.1,,,,
B0,pr_auc_incident_paraluni_2022,0.049689440993788817,,,,
B0,pr_auc_incident_qbridge_qubit_2022,0.03508771929824561,,,,
B0,pr_auc_incident_radiant_capital_arbitrum_2024,,,,,
B0,pr_auc_incident_ronin_bridge_2022,0.06060606060606061,,,,
B0,pr_auc_incident_utopiasphere_2024,0.1095890410958904,,,,
B0,pr_auc_incident_wault_finance_2021,0.04878048780487805,,,,
B0,pr_auc_incident_wooppv2_2024,0.13114754098360656,,,,
B0,pr_auc_incident_xkingdom_2024,0.11594202898550725,,,,
B1,pr_auc,0.5018763135507315,0.4130800322709395,0.6331999750217279,12.0,2000.0
B1,pr_auc_incident_bsc_token_hub_2022,0.6339471122647631,,,,
B1,pr_auc_incident_chibi_finance_2023,0.6289840977340977,,,,
B1,pr_auc_incident_deltaprime_arbitrum_2024,0.5545825747135951,,,,
B1,pr_auc_incident_feg_bridge_2024,0.625,,,,
B1,pr_auc_incident_paraluni_2022,0.5496564223447785,,,,
B1,pr_auc_incident_qbridge_qubit_2022,0.65702706268744,,,,
B1,pr_auc_incident_radiant_capital_arbitrum_2024,,,,,
B1,pr_auc_incident_ronin_bridge_2022,0.6012912087912088,,,,
B1,pr_auc_incident_utopiasphere_2024,0.5339039730396976,,,,
B1,pr_auc_incident_wault_finance_2021,0.7439958592132505,,,,
B1,pr_auc_incident_wooppv2_2024,0.5535714285714286,,,,
B1,pr_auc_incident_xkingdom_2024,0.886402027027027,,,,
B2,pr_auc,0.06507737166906763,0.04670711962479298,0.12414524126797842,12.0,2000.0
B2,pr_auc_incident_bsc_token_hub_2022,0.05270656948590996,,,,
B2,pr_auc_incident_chibi_finance_2023,0.7003787878787879,,,,
B2,pr_auc_incident_deltaprime_arbitrum_2024,0.09390749629891483,,,,
B2,pr_auc_incident_feg_bridge_2024,0.1,,,,
B2,pr_auc_incident_paraluni_2022,0.06157521505278797,,,,
B2,pr_auc_incident_qbridge_qubit_2022,0.03186126608928121,,,,
B2,pr_auc_incident_radiant_capital_arbitrum_2024,,,,,
B2,pr_auc_incident_ronin_bridge_2022,0.09268780300469333,,,,
B2,pr_auc_incident_utopiasphere_2024,0.2490515060306659,,,,
B2,pr_auc_incident_wault_finance_2021,0.03561605839781126,,,,
B2,pr_auc_incident_wooppv2_2024,0.4004578754578754,,,,
B2,pr_auc_incident_xkingdom_2024,0.7025786713286714,,,,
B3,pr_auc,0.683723604094958,0.5369451967641738,0.8824914328341152,12.0,2000.0
B3,pr_auc_incident_bsc_token_hub_2022,0.9416666666666667,,,,
B3,pr_auc_incident_chibi_finance_2023,1.0,,,,
B3,pr_auc_incident_deltaprime_arbitrum_2024,0.9166666666666666,,,,
B3,pr_auc_incident_feg_bridge_2024,0.6726190476190477,,,,
B3,pr_auc_incident_paraluni_2022,0.5435844811942803,,,,
B3,pr_auc_incident_qbridge_qubit_2022,0.7264880952380952,,,,
B3,pr_auc_incident_radiant_capital_arbitrum_2024,,,,,
B3,pr_auc_incident_ronin_bridge_2022,0.6137434123847167,,,,
B3,pr_auc_incident_utopiasphere_2024,0.8273026315789473,,,,
B3,pr_auc_incident_wault_finance_2021,0.959375,,,,
B3,pr_auc_incident_wooppv2_2024,0.9861111111111112,,,,
B3,pr_auc_incident_xkingdom_2024,1.0,,,,
M1,pr_auc,0.623082819932188,0.4741290764495228,0.8616950801937405,12.0,2000.0
M1,pr_auc_incident_bsc_token_hub_2022,1.0,,,,
M1,pr_auc_incident_chibi_finance_2023,1.0,,,,
M1,pr_auc_incident_deltaprime_arbitrum_2024,0.8194827586206896,,,,
M1,pr_auc_incident_feg_bridge_2024,0.2986263736263736,,,,
M1,pr_auc_incident_paraluni_2022,0.5007255384912586,,,,
M1,pr_auc_incident_qbridge_qubit_2022,0.7291021671826625,,,,
M1,pr_auc_incident_radiant_capital_arbitrum_2024,,,,,
M1,pr_auc_incident_ronin_bridge_2022,0.5677026098901099,,,,
M1,pr_auc_incident_utopiasphere_2024,0.8589572192513368,,,,
M1,pr_auc_incident_wault_finance_2021,0.9861111111111112,,,,
M1,pr_auc_incident_wooppv2_2024,0.9006410256410257,,,,
M1,pr_auc_incident_xkingdom_2024,1.0,,,,
