held_out,choice,inner_with_bridge,inner_no_bridge
ronin_bridge_2022,with_bridge,0.443311569993214,0.41845271851736565
qbridge_qubit_2022,no_bridge,0.3624932717090022,0.42097054566925174
feg_bridge_2024,no_bridge,0.4365819289640237,0.4856119058537804
deltaprime_arbitrum_2024,with_bridge,0.6088547126072502,0.5292051428883925
bsc_token_hub_2022,no_bridge,0.47777695409119836,0.5213974898497927
chibi_finance_2023,no_bridge,0.3918018624353184,0.4137135396321432
wooppv2_2024,no_bridge,0.4955199488178477,0.529782466546834
utopiasphere_2024,no_bridge,0.45060792002429656,0.5066055655375092
xkingdom_2024,no_bridge,0.38681959153496837,0.3941984502562993
wault_finance_2021,with_bridge,0.4888139215967571,0.47416491350066775
paraluni_2022,no_bridge,0.5034618756049626,0.5107514016194177
radiant_capital_arbitrum_2024,no_bridge,0.3368231546290321,0.4199480199668315
magic_abracadabra_arbitrum_2025,no_bridge,0.5908268121659512,0.6054157651824342
hackerdao_2022,no_bridge,0.3931680460350319,0.4241573849045975
new_free_dao_2022,no_bridge,0.4398729092211434,0.47975757231704336
