incident,chain,bridge_families_observed,mixer_observed,M1_pr_auc,B3p_pr_auc,before_endpoint_0.5
bsc_token_hub_2022,bsc,none,False,0.5898496367973112,0.5557837995337995,False
chibi_finance_2023,arbitrum,Multichain (AnySwap) Router V6;Stargate (LayerZero),False,1.0,0.9526289682539684,True
deltaprime_arbitrum_2024,arbitrum,Across Protocol SpokePool (Arbitrum),False,0.1480677878559542,0.1815296270023161,False
feg_bridge_2024,eth,none,True,0.2622222222222222,0.1927795733678086,
hackerdao_2022,bsc,none,True,0.8116666666666666,0.8915178571428571,
magic_abracadabra_arbitrum_2025,arbitrum,LI.FI Diamond,False,0.1162010647621112,0.0726646180251988,
new_free_dao_2022,bsc,none,True,1.0,0.7407029478458049,
paraluni_2022,bsc,none,False,0.5696692558672161,0.5526894878590971,
qbridge_qubit_2022,bsc,none,False,0.9861111111111112,0.8659722222222221,
radiant_capital_arbitrum_2024,arbitrum,LI.FI Diamond,False,0.9464285714285714,0.8873511904761905,False
ronin_bridge_2022,eth,none,False,0.2172306859806859,0.3163284632034632,
utopiasphere_2024,bsc,LI.FI Diamond,False,1.0,0.7515331890331891,
wault_finance_2021,bsc,none,False,0.6864316239316239,0.6595341715022565,
wooppv2_2024,arbitrum,Stargate (LayerZero),False,0.7139069264069264,0.4924268820610283,
xkingdom_2024,arbitrum,Across Protocol SpokePool (Arbitrum);Stargate (LayerZero),False,1.0,1.0,False
