eval_set,incident_id,pr_auc
matched,bsc_token_hub_2022,1.0
matched,chibi_finance_2023,1.0
matched,deltaprime_arbitrum_2024,0.8618035190615836
matched,feg_bridge_2024,0.8303030303030303
matched,hackerdao_2022,0.5053179824561403
matched,magic_abracadabra_arbitrum_2025,0.9502840909090909
matched,new_free_dao_2022,1.0
matched,paraluni_2022,0.5894277203790993
matched,qbridge_qubit_2022,0.8943452380952381
matched,radiant_capital_arbitrum_2024,1.0
matched,ronin_bridge_2022,0.6792857142857143
matched,utopiasphere_2024,1.0
matched,wault_finance_2021,0.928409090909091
matched,wooppv2_2024,0.8581043956043957
matched,xkingdom_2024,1.0
unmatched,bsc_token_hub_2022,1.0
unmatched,chibi_finance_2023,1.0
unmatched,deltaprime_arbitrum_2024,0.7965151515151515
unmatched,feg_bridge_2024,0.03175635491576006
unmatched,hackerdao_2022,1.0
unmatched,magic_abracadabra_arbitrum_2025,1.0
unmatched,new_free_dao_2022,0.08664977210509829
unmatched,paraluni_2022,0.5283776903765961
unmatched,qbridge_qubit_2022,1.0
unmatched,radiant_capital_arbitrum_2024,0.6753336940836941
unmatched,ronin_bridge_2022,0.975
unmatched,utopiasphere_2024,1.0
unmatched,wault_finance_2021,0.5024782018296169
unmatched,wooppv2_2024,0.780952380952381
unmatched,xkingdom_2024,1.0
