incident_id,B0,B1,B2,B3,B3p,M1,rep:Flat,rep:Flat+Types,rep:Flat+Motifs,rep:Flat+Types+Motifs,abl:no_temporal,abl:no_motif,abl:no_typed_action,abl:no_bridge_context,nested_select,trajectory_len
bsc_token_hub_2022,0.09302325581395349,0.6043641774891775,0.16997196609265575,0.46073717948717946,0.43529053666921314,0.5894957983193277,0.43529053666921314,0.5507526327838828,0.41067377590011533,0.5894957983193277,0.5299881648565858,0.5507526327838828,0.41067377590011533,0.4661883807539827,0.4661883807539827,364
chibi_finance_2023,0.09195402298850575,0.6195184426229507,0.9659090909090909,1.0,0.9704861111111112,1.0,0.9704861111111112,1.0,0.9704861111111112,1.0,1.0,1.0,0.9704861111111112,1.0,1.0,40
deltaprime_arbitrum_2024,0.022535211267605635,0.03479008991432579,0.03251093775953239,0.44599296536796534,0.26901882109118946,0.1980805464374777,0.26901882109118946,0.23492974163349553,0.3741778356912385,0.1980805464374777,0.8258814102564103,0.23492974163349553,0.3741778356912385,0.25006105462519934,0.1980805464374777,22
feg_bridge_2024,0.0847457627118644,0.2631578947368421,0.1111111111111111,0.40349206349206346,0.2173949579831933,1.0,0.2173949579831933,1.0,0.226218487394958,1.0,0.8555555555555556,1.0,0.226218487394958,0.5981351981351981,0.5981351981351981,9
hackerdao_2022,,,,,,,,,,,,,,,,35
magic_abracadabra_arbitrum_2025,0.05405405405405406,0.12136654841147927,0.649375,0.0952571446624792,0.09582666885144261,0.13538706207291734,0.09582666885144261,0.12506167239623123,0.08851292675073834,0.13538706207291734,0.10309967143076307,0.12506167239623123,0.08851292675073834,0.11430010412319341,0.11430010412319341,90
new_free_dao_2022,,,,,,,,,,,,,,,,12
paraluni_2022,0.5,0.875,0.75,0.8291666666666666,0.9519230769230769,0.8628787878787878,0.9519230769230769,0.8628787878787878,0.9241452991452992,0.8628787878787878,0.799404761904762,0.8628787878787878,0.9241452991452992,0.8235930735930737,0.8235930735930737,425
qbridge_qubit_2022,0.12121212121212122,0.6075980392156863,0.18771518320860425,0.8295003607503608,0.8951388888888889,0.8860479797979799,0.8951388888888889,0.86875,0.8614448051948053,0.8860479797979799,0.768703007518797,0.86875,0.8614448051948053,0.8711670274170275,0.8711670274170275,643
radiant_capital_arbitrum_2024,0.05673758865248227,0.13048376914304333,0.0992283198375191,0.8093614718614719,0.8075727513227513,0.8328754578754579,0.8075727513227513,0.8029647435897436,0.7912228487886382,0.8328754578754579,0.8394619360902256,0.8029647435897436,0.7912228487886382,0.8854166666666667,0.8854166666666667,243
ronin_bridge_2022,0.047619047619047616,0.16372660008979667,0.8706109550561798,0.18307409198366645,0.2689303053757388,0.1896335879567587,0.2689303053757388,0.18095425693451275,0.25999801066523354,0.1896335879567587,0.10550045599635202,0.18095425693451275,0.25999801066523354,0.2106278463487507,0.1896335879567587,331
utopiasphere_2024,0.34782608695652173,0.7751250862663907,0.3891483516483516,1.0,1.0,1.0,1.0,1.0,1.0,1.0,0.9081845238095239,1.0,1.0,1.0,1.0,37
wault_finance_2021,0.24242424242424243,0.8080357142857143,0.32571544060514646,0.883173076923077,0.7684324447482342,0.7177083333333333,0.7684324447482342,0.7696314102564102,0.7981672932330827,0.7177083333333333,0.8741883116883117,0.7696314102564102,0.7981672932330827,0.8385912698412699,0.7177083333333333,37
wooppv2_2024,0.10810810810810811,0.2870440729483283,0.6552301864801865,1.0,0.47865946990587116,0.790521978021978,0.47865946990587116,0.7580544455544456,0.5299484392419175,0.790521978021978,0.6146058802308803,0.7580544455544456,0.5299484392419175,0.5913552188552188,0.5913552188552188,16
xkingdom_2024,0.07079646017699115,0.6939599483204134,0.08042717461506584,1.0,1.0,1.0,1.0,1.0,1.0,1.0,1.0,1.0,1.0,1.0,1.0,68
