a,b,point,boot_mean,ci_low,ci_high,p_value,n_boot_valid
M1,B3,0.02770960861544347,0.026459746714855677,-0.08727055426845773,0.12066932095410955,0.599,2000
M1,B3p,-0.03832167501348155,-0.024839720455773047,-0.1392202090805585,0.06732200986477646,0.675,2000
M1,B1,0.2675373077873938,0.2728635644415599,0.06389555905882288,0.5021688411641932,0.01,2000
M1,B2,0.3626073523855109,0.36309708313685585,0.1560489257584849,0.5622749857461801,0.003,2000
rep:Flat+Types,rep:Flat,-0.06343663811976386,-0.042333281385847715,-0.16798169011290326,0.06934578793492327,0.462,2000
rep:Flat+Motifs,rep:Flat,-0.017929485165199377,-0.016434699175498585,-0.04818424114051602,0.018771508110702002,0.329,2000
rep:Flat+Types+Motifs,rep:Flat,-0.03832167501348155,-0.024839720455773047,-0.1392202090805585,0.06732200986477646,0.675,2000
nested_select,M1,0.01108836760587728,0.0064661787905556135,-0.04285868098789572,0.07809229876964457,0.924,2000
abl:no_temporal,M1,0.034917204030460114,0.0245607884477321,-0.12066113899149268,0.18613306853067096,0.748,2000
abl:no_motif,M1,-0.025114963106282306,-0.01749356093007467,-0.04335364967223804,0.018771335785235568,0.227,2000
abl:no_typed_action,M1,0.020392189848282172,0.008405021280274457,-0.08383809946847454,0.13146500871447478,0.974,2000
abl:no_bridge_context,M1,0.03446333762128623,0.02634271309037926,-0.03561989110837647,0.1072395208168132,0.49,2000
