model,pooled_pr_auc,ci_low,ci_high,mean_incident_pr_auc
B0,0.04603294550078537,0.0345664794981634,0.06785072951976075,0.07746018459342935
B1,0.20428358802353616,0.12065992279778422,0.3826764039875472,0.4433530010671277
B2,0.07674307059083593,0.054409733637921134,0.13233596786396137,0.2572855503029549
B3,0.4179106117539213,0.24985039733840284,0.6549107040838997,0.6125804842185978
B3p,0.5066742796078244,0.3017662246514106,0.7238111623735386,0.6075628665019468
M1,0.4705780766042426,0.25762212530966394,0.7567427334022835,0.6698523702020266
rep:Flat,0.5066742796078244,0.3017662246514106,0.7238111623735386,0.6075628665019468
rep:Flat+Types,0.46156406998855526,0.2543884187581135,0.7575785188182457,0.665402452858045
rep:Flat+Motifs,0.4991461068095926,0.29920120148260715,0.7224308082802543,0.6229036798357551
rep:Flat+Types+Motifs,0.4705780766042426,0.25762212530966394,0.7567427334022835,0.6698523702020266
abl:no_temporal,0.4956249634283324,0.3164235563487045,0.7069680756325445,0.6855390791262334
abl:no_motif,0.46156406998855526,0.2543884187581135,0.7575785188182457,0.665402452858045
abl:no_typed_action,0.4991461068095926,0.29920120148260715,0.7224308082802543,0.6229036798357551
abl:no_bridge_context,0.5179804955779924,0.3025961515267021,0.7655362332438064,0.6608266979092112
nested_select,0.46522434932624757,0.262687049032881,0.7455642094742767,0.6514289582473494
