theta,incident,k_alert,endpoint_idx,lead_steps,lead_sec,before_endpoint
0.3,feg_bridge_2024,8,1,-7,-648.0,False
0.3,deltaprime_arbitrum_2024,2,8,6,6816.0,True
0.3,bsc_token_hub_2022,16,1,-15,-13154.0,False
0.3,chibi_finance_2023,2,19,17,449.0,True
0.3,wooppv2_2024,9,5,-4,-762.0,False
0.3,xkingdom_2024,4,1,-3,-149.0,False
0.3,radiant_capital_arbitrum_2024,2,7,5,313.0,True
0.3,magic_abracadabra_arbitrum_2025,31,31,0,0.0,False
0.3,new_free_dao_2022,2,1,-1,-39.0,False
0.5,deltaprime_arbitrum_2024,9,8,-1,-11567.0,False
0.5,bsc_token_hub_2022,25,1,-24,-13301.0,False
0.5,chibi_finance_2023,2,19,17,449.0,True
0.5,xkingdom_2024,52,1,-51,-719.0,False
0.5,radiant_capital_arbitrum_2024,78,7,-71,-1916.0,False
0.7,bsc_token_hub_2022,73,1,-72,-17876.0,False
0.7,chibi_finance_2023,4,19,15,449.0,True
0.7,radiant_capital_arbitrum_2024,78,7,-71,-1916.0,False
0.9,bsc_token_hub_2022,307,1,-306,-164723.0,False
