theta,n_endpoint,detected_before,late,never,median_lead_sec,q1_lead_sec,q3_lead_sec,pos_alerted_any,n_pos,false_alert_traj,n_neg,false_alert_rate
0.05,10,6,4,0,1639.0,537.0,5731.25,15,15,92,206,0.44660194174757284
0.1,10,5,5,0,2477.0,449.0,6816.0,15,15,68,206,0.3300970873786408
0.15,10,5,5,0,2477.0,449.0,6816.0,15,15,55,206,0.2669902912621359
0.2,10,4,6,0,1463.0,415.0,3561.75,15,15,43,206,0.2087378640776699
0.25,10,4,6,0,1398.5,415.0,3465.0,15,15,34,206,0.1650485436893204
0.3,10,3,6,1,449.0,381.0,3632.5,14,15,26,206,0.1262135922330097
0.35,10,3,6,1,449.0,381.0,3632.5,14,15,21,206,0.10194174757281553
0.4,10,3,6,1,449.0,381.0,3632.5,14,15,15,206,0.07281553398058252
0.45,10,3,5,2,449.0,381.0,3632.5,13,15,14,206,0.06796116504854369
0.5,10,3,5,2,449.0,381.0,3632.5,12,15,12,206,0.05825242718446602
0.55,10,2,5,3,3632.5,2040.75,5224.25,11,15,11,206,0.05339805825242718
0.6,10,2,2,6,3632.5,2040.75,5224.25,7,15,9,206,0.043689320388349516
0.65,10,1,2,7,449.0,449.0,449.0,5,15,8,206,0.038834951456310676
0.7,10,1,2,7,449.0,449.0,449.0,5,15,4,206,0.019417475728155338
0.75,10,1,1,8,449.0,449.0,449.0,4,15,3,206,0.014563106796116505
0.8,10,1,1,8,449.0,449.0,449.0,4,15,3,206,0.014563106796116505
0.85,10,0,1,9,,,,1,15,2,206,0.009708737864077669
0.9,10,0,0,10,,,,0,15,0,206,0.0
0.95,10,0,0,10,,,,0,15,0,206,0.0
