n_events,median_ms,p95_ms,peak_mem_mb
2,11.76148300010027,13.238128099919777,0.16087
5,13.343805999966207,15.98480119996566,0.145885
10,11.774317999879713,12.928982499920494,0.156876
25,13.294061999886253,14.90130379997936,0.128032
50,13.716955999825586,15.617546900034538,0.157222
100,13.03107200010345,13.891935600099714,0.131565
250,14.290653999978531,15.00062949992298,0.160101
500,22.69293699987429,37.225995400058295,0.149654
1000,29.710349999959362,46.106005299952805,0.152965
1000,29.172650999953476,39.85863140017044,0.159627
