seed,model,pooled_pr_auc,mean_incident_pr_auc
0,M1,0.4705780766042426,0.6698523702020266
0,B3p,0.5066742796078244,0.6075628665019468
0,B3,0.42932388443007435,0.5963103236738625
1,M1,0.4705780766042426,0.6698523702020266
1,B3p,0.5066742796078244,0.6075628665019468
1,B3,0.43477673627308894,0.6183232162128024
2,M1,0.4705780766042426,0.6698523702020266
2,B3p,0.5066742796078244,0.6075628665019468
2,B3,0.44936082611127065,0.6054593324365282
3,M1,0.4705780766042426,0.6698523702020266
3,B3p,0.5066742796078244,0.6075628665019468
3,B3,0.43669583334661416,0.6028454853081189
4,M1,0.4705780766042426,0.6698523702020266
4,B3p,0.5066742796078244,0.6075628665019468
4,B3,0.4314140764442124,0.6029380570948732
