feature,mean_abs_shap,group
log_amount_mean,2.2817576,flat
action_count_bridge_deposit_ratio,1.0077943,typed_action
inter_action_gap_mean,0.79364616,flat
fan_out,0.78322315,flat
value_retention,0.67050076,flat
num_distinct_bigrams,0.5894544,typed_action
active_duration_sec,0.5722866,flat
motif_rapid_token_pivot,0.47649458,motif
fan_in,0.3962806,flat
action_count_mixer_or_exit_ratio,0.26878276,typed_action
action_count_swap_ratio,0.23596878,typed_action
action_count_transfer_ratio,0.21883021,typed_action
path_depth,0.20126835,flat
num_distinct_trigrams,0.19340591,typed_action
burstiness,0.16924594,flat
motif_merge,0.13140081,motif
stablecoin_pivot,0.12574229,typed_action
inter_action_gap_std,0.12439217,flat
action_count_lending_deposit_ratio,0.11747433,typed_action
branch_count,0.11312606,flat
time_to_first_bridge,0.11050461,typed_action
local_ego_density,0.1023822,flat
unique_counterparties,0.08062976,flat
action_count_merge_ratio,0.0478279,typed_action
motif_peel_like_chain,0.045587264,motif
token_category_diversity,0.038497183,flat
swap_after_bridge,0.037842818,typed_action
outgoing_incoming_ratio,0.017464818,flat
num_bridge_families,0.008987838,typed_action
action_count_split_ratio,0.0,typed_action
motif_split,0.0,motif
motif_bridge_then_swap,0.0,motif
motif_swap_then_split,0.0,motif
motif_nested_bridge,0.0,motif
