hard_negative_id,parent_incident_id,seed_address,chain,start_block,contract_used,protocol_name,label
ronin_bridge_2022__hn000,ronin_bridge_2022,0x0959e330349645736f10bec033e5338c09414ce5,eth,14395735,0x1a2a1c938ce3ec39b6d47113c7955baa9dd454f2,Ronin Bridge,0
ronin_bridge_2022__hn001,ronin_bridge_2022,0xd21aa6dcdfcb20f8807ec01127b508e4a6c22093,eth,14395746,0x1a2a1c938ce3ec39b6d47113c7955baa9dd454f2,Ronin Bridge,0
ronin_bridge_2022__hn002,ronin_bridge_2022,0xd58637661b59c048e9bc5ddfbd71ac65e2b8f07e,eth,14395748,0x1a2a1c938ce3ec39b6d47113c7955baa9dd454f2,Ronin Bridge,0
ronin_bridge_2022__hn003,ronin_bridge_2022,0xcaef9f98f254e75ac9cad2f83dd62977fb1db4cc,eth,14395793,0x1a2a1c938ce3ec39b6d47113c7955baa9dd454f2,Ronin Bridge,0
ronin_bridge_2022__hn004,ronin_bridge_2022,0xef2ac5dc305887cdcf05e20093a938630b322faa,eth,14395834,0x1a2a1c938ce3ec39b6d47113c7955baa9dd454f2,Ronin Bridge,0
ronin_bridge_2022__hn005,ronin_bridge_2022,0xc9892544c6507016d357ad5dd1846a651eacff14,eth,14395916,0x1a2a1c938ce3ec39b6d47113c7955baa9dd454f2,Ronin Bridge,0
ronin_bridge_2022__hn006,ronin_bridge_2022,0xf0279a538cc9b23898d7da7fe46acc0ce3ddc6a7,eth,14395952,0x1a2a1c938ce3ec39b6d47113c7955baa9dd454f2,Ronin Bridge,0
ronin_bridge_2022__hn007,ronin_bridge_2022,0x297ea00c4d7991f7db01092edc8cb5f0087e7651,eth,14395979,0x1a2a1c938ce3ec39b6d47113c7955baa9dd454f2,Ronin Bridge,0
ronin_bridge_2022__hn008,ronin_bridge_2022,0x5d1d3e10a9f1876ee19bd09bfe82ea40bad8fc9b,eth,14396011,0x1a2a1c938ce3ec39b6d47113c7955baa9dd454f2,Ronin Bridge,0
ronin_bridge_2022__hn009,ronin_bridge_2022,0x435181bd9007149bd2f1b4283fee5a0363613d86,eth,14396014,0x1a2a1c938ce3ec39b6d47113c7955baa9dd454f2,Ronin Bridge,0
ronin_bridge_2022__hn010,ronin_bridge_2022,0xc9afcd3dfdee218b4bfb8948ea9815264d86f217,eth,14396113,0x1a2a1c938ce3ec39b6d47113c7955baa9dd454f2,Ronin Bridge,0
ronin_bridge_2022__hn011,ronin_bridge_2022,0x4bbceed2e71bced0b6ecdb8ef61a1658d59fe6c6,eth,14396113,0x1a2a1c938ce3ec39b6d47113c7955baa9dd454f2,Ronin Bridge,0
ronin_bridge_2022__hn012,ronin_bridge_2022,0xa3ceaa9f570f806c11ede79bd1ab2631605896e8,eth,14396124,0x1a2a1c938ce3ec39b6d47113c7955baa9dd454f2,Ronin Bridge,0
ronin_bridge_2022__hn013,ronin_bridge_2022,0x7aa3fc4afe7ece9389568acaea99e5edf9cdb3d7,eth,14396125,0x1a2a1c938ce3ec39b6d47113c7955baa9dd454f2,Ronin Bridge,0
ronin_bridge_2022__hn014,ronin_bridge_2022,0x0a25a5daa3a43aa68bd5fe3a43b4d8dd5d49ab48,eth,14396176,0x1a2a1c938ce3ec39b6d47113c7955baa9dd454f2,Ronin Bridge,0
ronin_bridge_2022__hn015,ronin_bridge_2022,0x7a7e9c7ba02c23200832d549548568463284d477,eth,14396193,0x1a2a1c938ce3ec39b6d47113c7955baa9dd454f2,Ronin Bridge,0
ronin_bridge_2022__hn016,ronin_bridge_2022,0xef6678157f3329c06d81fad43e38328e431be484,eth,14396235,0x1a2a1c938ce3ec39b6d47113c7955baa9dd454f2,Ronin Bridge,0
ronin_bridge_2022__hn017,ronin_bridge_2022,0x845291611c8688e5a9ad2850536dd0f6980b6125,eth,14396247,0x1a2a1c938ce3ec39b6d47113c7955baa9dd454f2,Ronin Bridge,0
ronin_bridge_2022__hn018,ronin_bridge_2022,0xa9d87d6467734aa9a364378a2f02f561429a29a8,eth,14396250,0x1a2a1c938ce3ec39b6d47113c7955baa9dd454f2,Ronin Bridge,0
ronin_bridge_2022__hn019,ronin_bridge_2022,0x93bc839b16c9fc28a787044d212af999e9682c91,eth,14396266,0x1a2a1c938ce3ec39b6d47113c7955baa9dd454f2,Ronin Bridge,0
ronin_bridge_2022__hn020,ronin_bridge_2022,0x40ce62b30211cffd6a78e5eced7191df0ffa560c,eth,14396273,0x1a2a1c938ce3ec39b6d47113c7955baa9dd454f2,Ronin Bridge,0
ronin_bridge_2022__hn021,ronin_bridge_2022,0x5e8450563b485836154de58d37421a25061b97b1,eth,14396309,0x1a2a1c938ce3ec39b6d47113c7955baa9dd454f2,Ronin Bridge,0
ronin_bridge_2022__hn022,ronin_bridge_2022,0x54109f2b1bb987f61d608a31a9e74f5c5a4bf005,eth,14396323,0x1a2a1c938ce3ec39b6d47113c7955baa9dd454f2,Ronin Bridge,0
ronin_bridge_2022__hn024,ronin_bridge_2022,0xf45c903db5166d6f6a545a8b86c267e6add1d009,eth,14396342,0x1a2a1c938ce3ec39b6d47113c7955baa9dd454f2,Ronin Bridge,0
ronin_bridge_2022__hn025,ronin_bridge_2022,0x455f7d3582046421ad0d6d5697a857b16d5f0fcf,eth,14396364,0x1a2a1c938ce3ec39b6d47113c7955baa9dd454f2,Ronin Bridge,0
ronin_bridge_2022__hn026,ronin_bridge_2022,0x8e4ab10ed781ff642ea7a964d4336dd236f2336c,eth,14396383,0x1a2a1c938ce3ec39b6d47113c7955baa9dd454f2,Ronin Bridge,0
ronin_bridge_2022__hn027,ronin_bridge_2022,0xb34ea84cfbe8aa88386a0819f14902404dd8af3b,eth,14396389,0x1a2a1c938ce3ec39b6d47113c7955baa9dd454f2,Ronin Bridge,0
ronin_bridge_2022__hn028,ronin_bridge_2022,0x2dc39f2e1d14e44a2e703e2d63a5099dc18d0c45,eth,14396394,0x1a2a1c938ce3ec39b6d47113c7955baa9dd454f2,Ronin Bridge,0
ronin_bridge_2022__hn029,ronin_bridge_2022,0x4020f77079691b9650db919cbcce5e098f49528a,eth,14396394,0x1a2a1c938ce3ec39b6d47113c7955baa9dd454f2,Ronin Bridge,0
ronin_bridge_2022__hn030,ronin_bridge_2022,0x6664f29b02a45f336070377245e13a5a0233744e,eth,14396398,0x1a2a1c938ce3ec39b6d47113c7955baa9dd454f2,Ronin Bridge,0
ronin_bridge_2022__hn031,ronin_bridge_2022,0xde0bc6a4bf1904ed35aa90ca465543427b187451,eth,14396404,0x1a2a1c938ce3ec39b6d47113c7955baa9dd454f2,Ronin Bridge,0
ronin_bridge_2022__hn032,ronin_bridge_2022,0x03eec060df704f95e9f3a0cfbeb084895c4aae5e,eth,14396407,0x1a2a1c938ce3ec39b6d47113c7955baa9dd454f2,Ronin Bridge,0
ronin_bridge_2022__hn033,ronin_bridge_2022,0x0fb02248569b0b5f8d1dd73855e1f44e77d34fd3,eth,14396451,0x1a2a1c938ce3ec39b6d47113c7955baa9dd454f2,Ronin Bridge,0
ronin_bridge_2022__hn034,ronin_bridge_2022,0x0affb27712e6e1415a83e633898c98259e77a396,eth,14396488,0x1a2a1c938ce3ec39b6d47113c7955baa9dd454f2,Ronin Bridge,0
ronin_bridge_2022__hn035,ronin_bridge_2022,0xf8682da1ad1e042fcbf2caac0e4c400abbe95743,eth,14396488,0x1a2a1c938ce3ec39b6d47113c7955baa9dd454f2,Ronin Bridge,0
ronin_bridge_2022__hn036,ronin_bridge_2022,0xb505270fa2dc96e294b264344154caf4cc1a5d26,eth,14396505,0x1a2a1c938ce3ec39b6d47113c7955baa9dd454f2,Ronin Bridge,0
ronin_bridge_2022__hn037,ronin_bridge_2022,0x403fc151602e325c4baadb895024500e4b47bae7,eth,14396530,0x1a2a1c938ce3ec39b6d47113c7955baa9dd454f2,Ronin Bridge,0
ronin_bridge_2022__hn038,ronin_bridge_2022,0xa62a54e58907551646bd740e72d5723c7bdaafd5,eth,14396532,0x1a2a1c938ce3ec39b6d47113c7955baa9dd454f2,Ronin Bridge,0
ronin_bridge_2022__hn039,ronin_bridge_2022,0x93912d4d621b6bacd58dd12bab377b5416a11828,eth,14396538,0x1a2a1c938ce3ec39b6d47113c7955baa9dd454f2,Ronin Bridge,0
ronin_bridge_2022__hn040,ronin_bridge_2022,0xa0dbb55e3fd4030085f694e17e716b215fe2d668,eth,14396542,0x1a2a1c938ce3ec39b6d47113c7955baa9dd454f2,Ronin Bridge,0
ronin_bridge_2022__hn041,ronin_bridge_2022,0xbfe4d10678bb8a1403ac3e71ac4cd4f6781a9b5b,eth,14396572,0x1a2a1c938ce3ec39b6d47113c7955baa9dd454f2,Ronin Bridge,0
ronin_bridge_2022__hn042,ronin_bridge_2022,0x82325f80538773d12b3a91b8731572a2c5636596,eth,14396586,0x1a2a1c938ce3ec39b6d47113c7955baa9dd454f2,Ronin Bridge,0
ronin_bridge_2022__hn043,ronin_bridge_2022,0x090ad650cf003b204006dad0b6493c04bcbc72c0,eth,14396596,0x1a2a1c938ce3ec39b6d47113c7955baa9dd454f2,Ronin Bridge,0
ronin_bridge_2022__hn044,ronin_bridge_2022,0x1af89e0d0d9fa16f8280fae5bee81784d1ebb047,eth,14396596,0x1a2a1c938ce3ec39b6d47113c7955baa9dd454f2,Ronin Bridge,0
ronin_bridge_2022__hn045,ronin_bridge_2022,0xd2e34f064cf3e4224caf5c1b8dd67d2f93849a47,eth,14396620,0x1a2a1c938ce3ec39b6d47113c7955baa9dd454f2,Ronin Bridge,0
ronin_bridge_2022__hn046,ronin_bridge_2022,0xc72c4abdfa377c3c3a1936b16674944418127339,eth,14396629,0x1a2a1c938ce3ec39b6d47113c7955baa9dd454f2,Ronin Bridge,0
ronin_bridge_2022__hn047,ronin_bridge_2022,0x5ab328d2e8c7a292766328857c70bcfd8670f5da,eth,14396632,0x1a2a1c938ce3ec39b6d47113c7955baa9dd454f2,Ronin Bridge,0
ronin_bridge_2022__hn048,ronin_bridge_2022,0xb0c91b9b2399284eb0305f9d2b2b9482df1d09ef,eth,14396643,0x1a2a1c938ce3ec39b6d47113c7955baa9dd454f2,Ronin Bridge,0
ronin_bridge_2022__hn049,ronin_bridge_2022,0xec2246180cb91f2b01ba93193fbfd597af4c0ef3,eth,14396645,0x1a2a1c938ce3ec39b6d47113c7955baa9dd454f2,Ronin Bridge,0
ronin_bridge_2022__hn050,ronin_bridge_2022,0x6508981fff2b0ed7d3a0a61f6942195c494b9287,eth,14396649,0x1a2a1c938ce3ec39b6d47113c7955baa9dd454f2,Ronin Bridge,0
ronin_bridge_2022__hn051,ronin_bridge_2022,0x394e7ae0d25c2bb5446c5278b10a373b90585c4d,eth,14396665,0x1a2a1c938ce3ec39b6d47113c7955baa9dd454f2,Ronin Bridge,0
ronin_bridge_2022__hn052,ronin_bridge_2022,0x7030ca3a6162231c2ffd7b87453e60e2702f50c7,eth,14396692,0x1a2a1c938ce3ec39b6d47113c7955baa9dd454f2,Ronin Bridge,0
ronin_bridge_2022__hn053,ronin_bridge_2022,0xe510e5297babc1c20b877f27a51c32d9d16b6167,eth,14396741,0x1a2a1c938ce3ec39b6d47113c7955baa9dd454f2,Ronin Bridge,0
ronin_bridge_2022__hn054,ronin_bridge_2022,0x6891e5ad2acdaf9c5a1aa362e6cf4c32f13389ca,eth,14396745,0x1a2a1c938ce3ec39b6d47113c7955baa9dd454f2,Ronin Bridge,0
ronin_bridge_2022__hn055,ronin_bridge_2022,0xf74375782389ee25e6d4a3edee1917460071c026,eth,14396745,0x1a2a1c938ce3ec39b6d47113c7955baa9dd454f2,Ronin Bridge,0
ronin_bridge_2022__hn056,ronin_bridge_2022,0xb3a4e6c849e221ac99631e3cf3f3248f24d801b7,eth,14396755,0x1a2a1c938ce3ec39b6d47113c7955baa9dd454f2,Ronin Bridge,0
ronin_bridge_2022__hn057,ronin_bridge_2022,0x834b83d06e7bbfd701e6a1c18aea4543742c080c,eth,14396779,0x1a2a1c938ce3ec39b6d47113c7955baa9dd454f2,Ronin Bridge,0
ronin_bridge_2022__hn058,ronin_bridge_2022,0x832c0b257a035a785ea7388b5716b5d9ae7a52e1,eth,14396783,0x1a2a1c938ce3ec39b6d47113c7955baa9dd454f2,Ronin Bridge,0
ronin_bridge_2022__hn059,ronin_bridge_2022,0x4b2745c267aa0a039f9242210c66d4ba1150c2db,eth,14396783,0x1a2a1c938ce3ec39b6d47113c7955baa9dd454f2,Ronin Bridge,0
ronin_bridge_2022__hn060,ronin_bridge_2022,0xe12567aa621d562ce228658dd22ffe3d8dead11e,eth,14396794,0x1a2a1c938ce3ec39b6d47113c7955baa9dd454f2,Ronin Bridge,0
ronin_bridge_2022__hn061,ronin_bridge_2022,0xf3e3d93f5bb39f22f70f2b2e62c036b165ee919c,eth,14396840,0x1a2a1c938ce3ec39b6d47113c7955baa9dd454f2,Ronin Bridge,0
ronin_bridge_2022__hn062,ronin_bridge_2022,0xbe278527d392ebb1cbe4818b95d984ff0a773d73,eth,14396856,0x1a2a1c938ce3ec39b6d47113c7955baa9dd454f2,Ronin Bridge,0
ronin_bridge_2022__hn063,ronin_bridge_2022,0x18b5c4e7e67da17088238c18aeb33ece43fc4e87,eth,14396856,0x1a2a1c938ce3ec39b6d47113c7955baa9dd454f2,Ronin Bridge,0
ronin_bridge_2022__hn064,ronin_bridge_2022,0x92c54ce30bf24c0ebf08ad1d7d0ff619c2cd353b,eth,14396862,0x1a2a1c938ce3ec39b6d47113c7955baa9dd454f2,Ronin Bridge,0
ronin_bridge_2022__hn065,ronin_bridge_2022,0x11ad6aa0df76adaaf79074b948ada4aba7926969,eth,14396863,0x1a2a1c938ce3ec39b6d47113c7955baa9dd454f2,Ronin Bridge,0
ronin_bridge_2022__hn066,ronin_bridge_2022,0xc235ad1c13354d4e2cb0efe3f35e8d0f937df8f4,eth,14396872,0x1a2a1c938ce3ec39b6d47113c7955baa9dd454f2,Ronin Bridge,0
ronin_bridge_2022__hn067,ronin_bridge_2022,0xeeaab7d191af504c8a0ba353aaa1d65d3e06559a,eth,14396893,0x1a2a1c938ce3ec39b6d47113c7955baa9dd454f2,Ronin Bridge,0
ronin_bridge_2022__hn068,ronin_bridge_2022,0x2252d0fb2ccd9714e36feb4220884f06b97ba2cb,eth,14396912,0x1a2a1c938ce3ec39b6d47113c7955baa9dd454f2,Ronin Bridge,0
ronin_bridge_2022__hn069,ronin_bridge_2022,0xa8f9591f167e5cc7d70d4b8790afd2c71f8b3b1a,eth,14396917,0x1a2a1c938ce3ec39b6d47113c7955baa9dd454f2,Ronin Bridge,0
deltaprime_arbitrum_2024__hn000,deltaprime_arbitrum_2024,0x71059b054329f8afd3e55f64feeec80a99ed78cf,arbitrum,272478643,0xe35e9842fceaca96570b734083f4a58e8f7c5f2a,Across Protocol SpokePool,0
deltaprime_arbitrum_2024__hn001,deltaprime_arbitrum_2024,0x31ec29a5bb37d9f996a9012c1bdfb93ac22aef06,arbitrum,272478692,0xe35e9842fceaca96570b734083f4a58e8f7c5f2a,Across Protocol SpokePool,0
deltaprime_arbitrum_2024__hn002,deltaprime_arbitrum_2024,0x2cca1ce10ebf5241825fdb2f00805b0b8d81ff17,arbitrum,272478830,0xe35e9842fceaca96570b734083f4a58e8f7c5f2a,Across Protocol SpokePool,0
deltaprime_arbitrum_2024__hn003,deltaprime_arbitrum_2024,0xc79de7d3fbc68ad981aa06a643ae32cf2dcae5f5,arbitrum,272479372,0xe35e9842fceaca96570b734083f4a58e8f7c5f2a,Across Protocol SpokePool,0
deltaprime_arbitrum_2024__hn004,deltaprime_arbitrum_2024,0x116bd2701ace1a272d2adc9b3dc8673eacc546ad,arbitrum,272479424,0xe35e9842fceaca96570b734083f4a58e8f7c5f2a,Across Protocol SpokePool,0
deltaprime_arbitrum_2024__hn005,deltaprime_arbitrum_2024,0xffaad1371e69ee25a8a024555a28b9ae91fe116b,arbitrum,272479512,0xe35e9842fceaca96570b734083f4a58e8f7c5f2a,Across Protocol SpokePool,0
deltaprime_arbitrum_2024__hn006,deltaprime_arbitrum_2024,0x4938a9a48139ffc440a07695eec11096f8146350,arbitrum,272479776,0xe35e9842fceaca96570b734083f4a58e8f7c5f2a,Across Protocol SpokePool,0
deltaprime_arbitrum_2024__hn007,deltaprime_arbitrum_2024,0xe4cbb22f2b1b0bc3c05d3b98298f2b2ae46d46fd,arbitrum,272480397,0xe35e9842fceaca96570b734083f4a58e8f7c5f2a,Across Protocol SpokePool,0
deltaprime_arbitrum_2024__hn008,deltaprime_arbitrum_2024,0xe397c4883ec89ed4fc9d258f00c689708b2799c9,arbitrum,272480480,0xe35e9842fceaca96570b734083f4a58e8f7c5f2a,Across Protocol SpokePool,0
deltaprime_arbitrum_2024__hn009,deltaprime_arbitrum_2024,0x53d26da6e0add2ceb0f87445f0420958ffa8728e,arbitrum,272480489,0xe35e9842fceaca96570b734083f4a58e8f7c5f2a,Across Protocol SpokePool,0
deltaprime_arbitrum_2024__hn010,deltaprime_arbitrum_2024,0x7c2aa8d178964b03088b10c36b40322bdab3edf4,arbitrum,272480562,0xe35e9842fceaca96570b734083f4a58e8f7c5f2a,Across Protocol SpokePool,0
deltaprime_arbitrum_2024__hn011,deltaprime_arbitrum_2024,0x24c56cddd3e83482a1390505d749ab1bdbf09f64,arbitrum,272481153,0xe35e9842fceaca96570b734083f4a58e8f7c5f2a,Across Protocol SpokePool,0
deltaprime_arbitrum_2024__hn012,deltaprime_arbitrum_2024,0x291de52c96dc247a1a5f686d9048f9239458af9a,arbitrum,272481548,0xe35e9842fceaca96570b734083f4a58e8f7c5f2a,Across Protocol SpokePool,0
deltaprime_arbitrum_2024__hn013,deltaprime_arbitrum_2024,0xde54f55c2070bbe16ff1667173502c662f6a24dd,arbitrum,272481980,0xe35e9842fceaca96570b734083f4a58e8f7c5f2a,Across Protocol SpokePool,0
deltaprime_arbitrum_2024__hn014,deltaprime_arbitrum_2024,0x6b28336416195a9cae75a8363d5bb79b418f5416,arbitrum,272482687,0xe35e9842fceaca96570b734083f4a58e8f7c5f2a,Across Protocol SpokePool,0
deltaprime_arbitrum_2024__hn015,deltaprime_arbitrum_2024,0x4dfd7efbfde6e7e12c918e6f857b49ad153172f2,arbitrum,272482788,0xe35e9842fceaca96570b734083f4a58e8f7c5f2a,Across Protocol SpokePool,0
deltaprime_arbitrum_2024__hn016,deltaprime_arbitrum_2024,0xf621a50262b216d2bd4fbff575c54f8a29b804a5,arbitrum,272482950,0xe35e9842fceaca96570b734083f4a58e8f7c5f2a,Across Protocol SpokePool,0
deltaprime_arbitrum_2024__hn017,deltaprime_arbitrum_2024,0x63eaf0c0544c99d9dbdf550659ef32d3664aa567,arbitrum,272483169,0xe35e9842fceaca96570b734083f4a58e8f7c5f2a,Across Protocol SpokePool,0
deltaprime_arbitrum_2024__hn018,deltaprime_arbitrum_2024,0xdccc5245749a49a517a8657f94205ee9891ebf69,arbitrum,272483223,0xe35e9842fceaca96570b734083f4a58e8f7c5f2a,Across Protocol SpokePool,0
deltaprime_arbitrum_2024__hn019,deltaprime_arbitrum_2024,0xf89e5fd69453e55af2e696ad6812ac50e9b7941c,arbitrum,272483781,0xe35e9842fceaca96570b734083f4a58e8f7c5f2a,Across Protocol SpokePool,0
deltaprime_arbitrum_2024__hn020,deltaprime_arbitrum_2024,0xe11c0022d1dd58ad373ea4a2198e3caf08ded840,arbitrum,272483843,0xe35e9842fceaca96570b734083f4a58e8f7c5f2a,Across Protocol SpokePool,0
deltaprime_arbitrum_2024__hn021,deltaprime_arbitrum_2024,0x0b0a6c36ad7f696a41f7de287eeb390f6167d339,arbitrum,272484320,0xe35e9842fceaca96570b734083f4a58e8f7c5f2a,Across Protocol SpokePool,0
deltaprime_arbitrum_2024__hn022,deltaprime_arbitrum_2024,0x7700a366d43e44210c44c082048f37d93f5d530d,arbitrum,272484820,0xe35e9842fceaca96570b734083f4a58e8f7c5f2a,Across Protocol SpokePool,0
deltaprime_arbitrum_2024__hn023,deltaprime_arbitrum_2024,0x49223eace440bc2a490c90ce19836dc43131fb99,arbitrum,272485093,0xe35e9842fceaca96570b734083f4a58e8f7c5f2a,Across Protocol SpokePool,0
deltaprime_arbitrum_2024__hn024,deltaprime_arbitrum_2024,0xc456398d5ee3b93828252e48bededbc39e03368e,arbitrum,272485241,0xe35e9842fceaca96570b734083f4a58e8f7c5f2a,Across Protocol SpokePool,0
deltaprime_arbitrum_2024__hn025,deltaprime_arbitrum_2024,0x3b56dec6b2eec1410230a79027f94dc761df41a5,arbitrum,272485942,0xe35e9842fceaca96570b734083f4a58e8f7c5f2a,Across Protocol SpokePool,0
deltaprime_arbitrum_2024__hn026,deltaprime_arbitrum_2024,0x2431c78fde60732d153c6ecb38349be557d8825b,arbitrum,272485965,0xe35e9842fceaca96570b734083f4a58e8f7c5f2a,Across Protocol SpokePool,0
deltaprime_arbitrum_2024__hn027,deltaprime_arbitrum_2024,0x8470741c1324a81cd787ee2ae2d2b7a395ea7d81,arbitrum,272486030,0xe35e9842fceaca96570b734083f4a58e8f7c5f2a,Across Protocol SpokePool,0
deltaprime_arbitrum_2024__hn028,deltaprime_arbitrum_2024,0x96285e2107e3ce5d8ae179343b12f0d7c7d92f4a,arbitrum,272486071,0xe35e9842fceaca96570b734083f4a58e8f7c5f2a,Across Protocol SpokePool,0
deltaprime_arbitrum_2024__hn029,deltaprime_arbitrum_2024,0x85cc36db481cc0ae0d7fbc86ecb89d6ac7b1a176,arbitrum,272486077,0xe35e9842fceaca96570b734083f4a58e8f7c5f2a,Across Protocol SpokePool,0
deltaprime_arbitrum_2024__hn030,deltaprime_arbitrum_2024,0x6e546851337fd90a45272ec9270f94152e5bbd0f,arbitrum,272486077,0xe35e9842fceaca96570b734083f4a58e8f7c5f2a,Across Protocol SpokePool,0
deltaprime_arbitrum_2024__hn031,deltaprime_arbitrum_2024,0x3c6b7c3643149cf51ffe1e59312d7e86fffe4075,arbitrum,272486917,0xe35e9842fceaca96570b734083f4a58e8f7c5f2a,Across Protocol SpokePool,0
deltaprime_arbitrum_2024__hn032,deltaprime_arbitrum_2024,0xd886d2e98b1293cebc6770ecb0ee9dc9d2997c47,arbitrum,272487451,0xe35e9842fceaca96570b734083f4a58e8f7c5f2a,Across Protocol SpokePool,0
deltaprime_arbitrum_2024__hn033,deltaprime_arbitrum_2024,0xb191772b669dd2ef9f08a8c9b9a9fc7b6213a1cd,arbitrum,272487777,0xe35e9842fceaca96570b734083f4a58e8f7c5f2a,Across Protocol SpokePool,0
deltaprime_arbitrum_2024__hn034,deltaprime_arbitrum_2024,0x42b9df4301b59ea1362d6e59d3fbb3dfedbae66d,arbitrum,272488217,0xe35e9842fceaca96570b734083f4a58e8f7c5f2a,Across Protocol SpokePool,0
deltaprime_arbitrum_2024__hn035,deltaprime_arbitrum_2024,0xae8d9f3be32e60b263ed5df466d0469260c191b1,arbitrum,272488518,0xe35e9842fceaca96570b734083f4a58e8f7c5f2a,Across Protocol SpokePool,0
deltaprime_arbitrum_2024__hn036,deltaprime_arbitrum_2024,0x472845464ce2eedc366f303c298d854bb1404e3f,arbitrum,272488683,0xe35e9842fceaca96570b734083f4a58e8f7c5f2a,Across Protocol SpokePool,0
deltaprime_arbitrum_2024__hn037,deltaprime_arbitrum_2024,0xb87eb738d6e0cf92bc3a3cb1e22b960ee4397937,arbitrum,272488795,0xe35e9842fceaca96570b734083f4a58e8f7c5f2a,Across Protocol SpokePool,0
deltaprime_arbitrum_2024__hn038,deltaprime_arbitrum_2024,0x980a9ed23a2f8f68d61272aa4e9e3aebc2bdefc7,arbitrum,272488826,0xe35e9842fceaca96570b734083f4a58e8f7c5f2a,Across Protocol SpokePool,0
deltaprime_arbitrum_2024__hn039,deltaprime_arbitrum_2024,0x7a767d266409d61d572e4ea0399bc6ef937fc586,arbitrum,272488844,0xe35e9842fceaca96570b734083f4a58e8f7c5f2a,Across Protocol SpokePool,0
deltaprime_arbitrum_2024__hn040,deltaprime_arbitrum_2024,0xa4d9c232b2942437aba5e527c087cdbfbad3efec,arbitrum,272488864,0xe35e9842fceaca96570b734083f4a58e8f7c5f2a,Across Protocol SpokePool,0
deltaprime_arbitrum_2024__hn041,deltaprime_arbitrum_2024,0x4cecdd6bd69e40c66d9b60be0f188d03e7132bae,arbitrum,272489628,0xe35e9842fceaca96570b734083f4a58e8f7c5f2a,Across Protocol SpokePool,0
deltaprime_arbitrum_2024__hn042,deltaprime_arbitrum_2024,0x01baa636a99d80c9afe161284bb29ad52b18abf2,arbitrum,272490590,0xe35e9842fceaca96570b734083f4a58e8f7c5f2a,Across Protocol SpokePool,0
deltaprime_arbitrum_2024__hn043,deltaprime_arbitrum_2024,0x02e9ff0d8479f606c611114750069cf0d673bcdc,arbitrum,272492015,0xe35e9842fceaca96570b734083f4a58e8f7c5f2a,Across Protocol SpokePool,0
deltaprime_arbitrum_2024__hn044,deltaprime_arbitrum_2024,0xfa851ce790ef748af7a354754c1ba77c2d954abc,arbitrum,272492107,0xe35e9842fceaca96570b734083f4a58e8f7c5f2a,Across Protocol SpokePool,0
deltaprime_arbitrum_2024__hn045,deltaprime_arbitrum_2024,0x12f673f3e1d583b3c768590107c25c036f02f5ec,arbitrum,272492192,0xe35e9842fceaca96570b734083f4a58e8f7c5f2a,Across Protocol SpokePool,0
deltaprime_arbitrum_2024__hn046,deltaprime_arbitrum_2024,0xca49d5bc38bbc5f3ea9204f6731bd0ac1f58fc3a,arbitrum,272492206,0xe35e9842fceaca96570b734083f4a58e8f7c5f2a,Across Protocol SpokePool,0
deltaprime_arbitrum_2024__hn047,deltaprime_arbitrum_2024,0xb7d83ffefdf504086c0a2a6802abab4ed1e054ef,arbitrum,272492641,0xe35e9842fceaca96570b734083f4a58e8f7c5f2a,Across Protocol SpokePool,0
deltaprime_arbitrum_2024__hn048,deltaprime_arbitrum_2024,0x80bc89e51f2461c5eb2e8c2ae995090ec98f2ae8,arbitrum,272492829,0xe35e9842fceaca96570b734083f4a58e8f7c5f2a,Across Protocol SpokePool,0
deltaprime_arbitrum_2024__hn049,deltaprime_arbitrum_2024,0x7818f89688e599321e4d2f05cea994e8afb7a886,arbitrum,272493053,0xe35e9842fceaca96570b734083f4a58e8f7c5f2a,Across Protocol SpokePool,0
deltaprime_arbitrum_2024__hn050,deltaprime_arbitrum_2024,0x950c5d9bf9061853403fc38bde5aedd32db7fcc6,arbitrum,272493287,0xe35e9842fceaca96570b734083f4a58e8f7c5f2a,Across Protocol SpokePool,0
deltaprime_arbitrum_2024__hn051,deltaprime_arbitrum_2024,0xd45bda83d11fda3eda0107ce9aa8856b753fc44e,arbitrum,272493364,0xe35e9842fceaca96570b734083f4a58e8f7c5f2a,Across Protocol SpokePool,0
deltaprime_arbitrum_2024__hn052,deltaprime_arbitrum_2024,0x3b3187dd25a953870eb11de28368b5f85a9bfa29,arbitrum,272493695,0xe35e9842fceaca96570b734083f4a58e8f7c5f2a,Across Protocol SpokePool,0
deltaprime_arbitrum_2024__hn053,deltaprime_arbitrum_2024,0xa5b5e889bacb66162cd08734b271d6cd467bde5c,arbitrum,272493980,0xe35e9842fceaca96570b734083f4a58e8f7c5f2a,Across Protocol SpokePool,0
deltaprime_arbitrum_2024__hn054,deltaprime_arbitrum_2024,0x5af25440cf087d575b6e0167173c342d5ca9e91a,arbitrum,272495013,0xe35e9842fceaca96570b734083f4a58e8f7c5f2a,Across Protocol SpokePool,0
deltaprime_arbitrum_2024__hn055,deltaprime_arbitrum_2024,0x2cf9ca9c24e2cdf7a1d6945002a60407dc1679ce,arbitrum,272495121,0xe35e9842fceaca96570b734083f4a58e8f7c5f2a,Across Protocol SpokePool,0
deltaprime_arbitrum_2024__hn056,deltaprime_arbitrum_2024,0x9f3ccf6cbc23d6ef42c80a4a830898cfa33a0540,arbitrum,272495551,0xe35e9842fceaca96570b734083f4a58e8f7c5f2a,Across Protocol SpokePool,0
deltaprime_arbitrum_2024__hn057,deltaprime_arbitrum_2024,0xa5478677f3d8e885481354746efc48cd14051b6c,arbitrum,272496340,0xe35e9842fceaca96570b734083f4a58e8f7c5f2a,Across Protocol SpokePool,0
deltaprime_arbitrum_2024__hn058,deltaprime_arbitrum_2024,0x0b58a40b6e4a3d731f14360cc2f7ef70cb188492,arbitrum,272496366,0xe35e9842fceaca96570b734083f4a58e8f7c5f2a,Across Protocol SpokePool,0
deltaprime_arbitrum_2024__hn059,deltaprime_arbitrum_2024,0x79d4d83a581716337998311d02b6ef502bda6c0d,arbitrum,272497656,0xe35e9842fceaca96570b734083f4a58e8f7c5f2a,Across Protocol SpokePool,0
deltaprime_arbitrum_2024__hn060,deltaprime_arbitrum_2024,0x444bee779507f96ee88c9e3e1eefc1449332c6b1,arbitrum,272497778,0xe35e9842fceaca96570b734083f4a58e8f7c5f2a,Across Protocol SpokePool,0
deltaprime_arbitrum_2024__hn061,deltaprime_arbitrum_2024,0x64c059bf131b81964e21298e9634dfcaeefc7ac6,arbitrum,272498419,0xe35e9842fceaca96570b734083f4a58e8f7c5f2a,Across Protocol SpokePool,0
deltaprime_arbitrum_2024__hn062,deltaprime_arbitrum_2024,0xe2136468febf07d913be08ddc9cf9ab2543fbecf,arbitrum,272498502,0xe35e9842fceaca96570b734083f4a58e8f7c5f2a,Across Protocol SpokePool,0
deltaprime_arbitrum_2024__hn063,deltaprime_arbitrum_2024,0x4606ef0c71c667017deaa198bdb5040867162c50,arbitrum,272498678,0xe35e9842fceaca96570b734083f4a58e8f7c5f2a,Across Protocol SpokePool,0
deltaprime_arbitrum_2024__hn064,deltaprime_arbitrum_2024,0x1d933fd71ff07e69f066d50b39a7c34eb3b69f05,arbitrum,272499842,0xe35e9842fceaca96570b734083f4a58e8f7c5f2a,Across Protocol SpokePool,0
deltaprime_arbitrum_2024__hn065,deltaprime_arbitrum_2024,0xbeb9af1371749c95332c513f09949f3d03ef185c,arbitrum,272500123,0xe35e9842fceaca96570b734083f4a58e8f7c5f2a,Across Protocol SpokePool,0
deltaprime_arbitrum_2024__hn066,deltaprime_arbitrum_2024,0xbf6f2a17b33b97ac93549b167d15ceaa1ff160ee,arbitrum,272500144,0xe35e9842fceaca96570b734083f4a58e8f7c5f2a,Across Protocol SpokePool,0
deltaprime_arbitrum_2024__hn067,deltaprime_arbitrum_2024,0xa669cddac39fafabbd5938dc1a3fc199218dd812,arbitrum,272500330,0xe35e9842fceaca96570b734083f4a58e8f7c5f2a,Across Protocol SpokePool,0
deltaprime_arbitrum_2024__hn068,deltaprime_arbitrum_2024,0x9d7d6e4de14949fa396ec6c5ff9419144c34c35b,arbitrum,272500425,0xe35e9842fceaca96570b734083f4a58e8f7c5f2a,Across Protocol SpokePool,0
deltaprime_arbitrum_2024__hn069,deltaprime_arbitrum_2024,0xd4356b7259f8e00826e02dac1f4b728cd6e26921,arbitrum,272500700,0xe35e9842fceaca96570b734083f4a58e8f7c5f2a,Across Protocol SpokePool,0
bsc_token_hub_2022__hn000,bsc_token_hub_2022,0x6aed06b58c94bf95214aabd71b13655b7d251929,bsc,21732157,0x0000000000000000000000000000000000001004,BSC Token Hub,0
bsc_token_hub_2022__hn001,bsc_token_hub_2022,0x37b88cba83dbc3f956eae92f10f8de50140bb8de,bsc,21732164,0x0000000000000000000000000000000000001004,BSC Token Hub,0
bsc_token_hub_2022__hn002,bsc_token_hub_2022,0x213d6ba93a2d00bd105ff5bbaf42f771942905e6,bsc,21732175,0x0000000000000000000000000000000000001004,BSC Token Hub,0
bsc_token_hub_2022__hn003,bsc_token_hub_2022,0x9212dd96067a57d6bde1a684efaac724aaa46f58,bsc,21732183,0x0000000000000000000000000000000000001004,BSC Token Hub,0
bsc_token_hub_2022__hn004,bsc_token_hub_2022,0x99b4411f826c02a25358532c3afdb02420dc5dfe,bsc,21732183,0x0000000000000000000000000000000000001004,BSC Token Hub,0
bsc_token_hub_2022__hn005,bsc_token_hub_2022,0x997ff87be1a4d1ddaba1405cac183ed9e8ab45a0,bsc,21732183,0x0000000000000000000000000000000000001004,BSC Token Hub,0
bsc_token_hub_2022__hn006,bsc_token_hub_2022,0x7eef19a561cd6f2ea4a7ea853574871065f5b8e8,bsc,21732183,0x0000000000000000000000000000000000001004,BSC Token Hub,0
bsc_token_hub_2022__hn007,bsc_token_hub_2022,0x1ce5040af22f67abfdde3fb0e508fc1547fd9e32,bsc,21732183,0x0000000000000000000000000000000000001004,BSC Token Hub,0
bsc_token_hub_2022__hn008,bsc_token_hub_2022,0x4e9e53016e50fae471698a21c6c2cab2a1ed6145,bsc,21732183,0x0000000000000000000000000000000000001004,BSC Token Hub,0
bsc_token_hub_2022__hn009,bsc_token_hub_2022,0xe6a34415907b079aa164567e2d7cf30df7ffdd95,bsc,21732183,0x0000000000000000000000000000000000001004,BSC Token Hub,0
bsc_token_hub_2022__hn010,bsc_token_hub_2022,0x062e224054ea97aa24d0178b32a4885a076174f7,bsc,21732183,0x0000000000000000000000000000000000001004,BSC Token Hub,0
bsc_token_hub_2022__hn011,bsc_token_hub_2022,0x5e7f48a9dc429502997738784d46b53b39ba66c2,bsc,21732183,0x0000000000000000000000000000000000001004,BSC Token Hub,0
bsc_token_hub_2022__hn012,bsc_token_hub_2022,0x5c18e8f0dd78d333876caa2652b149013a307875,bsc,21732230,0x0000000000000000000000000000000000001004,BSC Token Hub,0
bsc_token_hub_2022__hn013,bsc_token_hub_2022,0x4b92fad91ef79fce6fcd32888cc71a9420ad1251,bsc,21732298,0x0000000000000000000000000000000000001004,BSC Token Hub,0
bsc_token_hub_2022__hn014,bsc_token_hub_2022,0x0c266d3a4c5944318e9d6ace689cdcfa4599babe,bsc,21732345,0x0000000000000000000000000000000000001004,BSC Token Hub,0
bsc_token_hub_2022__hn015,bsc_token_hub_2022,0x1532b10954e4001a9b8bc8a73678d3af1e90301d,bsc,21732348,0x0000000000000000000000000000000000001004,BSC Token Hub,0
bsc_token_hub_2022__hn016,bsc_token_hub_2022,0xbcf04d5a6198d0b05316b932a70530316fd7073c,bsc,21732348,0x0000000000000000000000000000000000001004,BSC Token Hub,0
bsc_token_hub_2022__hn017,bsc_token_hub_2022,0xb81ade0a5e3b69403ec92ea8ae5b3e2259d3a17c,bsc,21732349,0x0000000000000000000000000000000000001004,BSC Token Hub,0
bsc_token_hub_2022__hn018,bsc_token_hub_2022,0x437f4d24ed2684d41e2907127c2cb6cdaf564b58,bsc,21732349,0x0000000000000000000000000000000000001004,BSC Token Hub,0
bsc_token_hub_2022__hn019,bsc_token_hub_2022,0x36aa6ec2c68abb8fba6962e5755201ece9802ce4,bsc,21732349,0x0000000000000000000000000000000000001004,BSC Token Hub,0
bsc_token_hub_2022__hn020,bsc_token_hub_2022,0x5341d7c174a36f811a9cd0d9961e8f9d79728050,bsc,21732349,0x0000000000000000000000000000000000001004,BSC Token Hub,0
bsc_token_hub_2022__hn021,bsc_token_hub_2022,0x91c09f64b0b038314589f4e6993d60aed8e95363,bsc,21732349,0x0000000000000000000000000000000000001004,BSC Token Hub,0
bsc_token_hub_2022__hn022,bsc_token_hub_2022,0x9e645d64cbafec9ede9098e9f7676aee025241bc,bsc,21732375,0x0000000000000000000000000000000000001004,BSC Token Hub,0
bsc_token_hub_2022__hn023,bsc_token_hub_2022,0x22606e57abd4718eba9cb8e02092bd0394457a9b,bsc,21732479,0x0000000000000000000000000000000000001004,BSC Token Hub,0
bsc_token_hub_2022__hn024,bsc_token_hub_2022,0x372b3b26969c93fc105c780aa269b0dd15aefef3,bsc,21732479,0x0000000000000000000000000000000000001004,BSC Token Hub,0
bsc_token_hub_2022__hn025,bsc_token_hub_2022,0xacee7ec834638015e08a28f048c34841ab63ca41,bsc,21732479,0x0000000000000000000000000000000000001004,BSC Token Hub,0
bsc_token_hub_2022__hn026,bsc_token_hub_2022,0xa2b774b0ebcf687f1d2706a8f29bf3c3633f6579,bsc,21732479,0x0000000000000000000000000000000000001004,BSC Token Hub,0
bsc_token_hub_2022__hn027,bsc_token_hub_2022,0xb6cc6fe8958af25a90d91b82918eb84e890c29c4,bsc,21732479,0x0000000000000000000000000000000000001004,BSC Token Hub,0
bsc_token_hub_2022__hn028,bsc_token_hub_2022,0x14032faa08876bc924919110cadcb48c5ca16bfc,bsc,21732479,0x0000000000000000000000000000000000001004,BSC Token Hub,0
bsc_token_hub_2022__hn029,bsc_token_hub_2022,0x283920d63bae5159c2c056e7bfb895c4bb35ffad,bsc,21732479,0x0000000000000000000000000000000000001004,BSC Token Hub,0
bsc_token_hub_2022__hn030,bsc_token_hub_2022,0x5eab9609c4e9f4611a9a2bad14e7a5889abd1e2b,bsc,21732479,0x0000000000000000000000000000000000001004,BSC Token Hub,0
bsc_token_hub_2022__hn031,bsc_token_hub_2022,0xcddf0b04e8286e155017240580b92b33bb838771,bsc,21732479,0x0000000000000000000000000000000000001004,BSC Token Hub,0
bsc_token_hub_2022__hn032,bsc_token_hub_2022,0xfa3f5471b847ebd2cb6f27c8c0a9b579d9b70d88,bsc,21732479,0x0000000000000000000000000000000000001004,BSC Token Hub,0
bsc_token_hub_2022__hn033,bsc_token_hub_2022,0xec221616cb8fdc8540eabbd504caae809d42872f,bsc,21732601,0x0000000000000000000000000000000000001004,BSC Token Hub,0
bsc_token_hub_2022__hn034,bsc_token_hub_2022,0x7fec65a58dc05e205340a546496d83152f46058b,bsc,21732611,0x0000000000000000000000000000000000001004,BSC Token Hub,0
bsc_token_hub_2022__hn035,bsc_token_hub_2022,0xf00135492f5a393f7351f46657474a32983d64e5,bsc,21732629,0x0000000000000000000000000000000000001004,BSC Token Hub,0
bsc_token_hub_2022__hn036,bsc_token_hub_2022,0x945b74b2aead8b6202b8e25388b1b7d26628a271,bsc,21732630,0x0000000000000000000000000000000000001004,BSC Token Hub,0
bsc_token_hub_2022__hn037,bsc_token_hub_2022,0xf2ba0b199f319f9a72e67bf0fe50ddc79ca392e6,bsc,21732641,0x0000000000000000000000000000000000001004,BSC Token Hub,0
bsc_token_hub_2022__hn038,bsc_token_hub_2022,0xe72d61687df59738f3a41e4a0648e17500e885e8,bsc,21732650,0x0000000000000000000000000000000000001004,BSC Token Hub,0
bsc_token_hub_2022__hn039,bsc_token_hub_2022,0xf5cc0165c27c5a4768db8500cabc18dc19d4b733,bsc,21732650,0x0000000000000000000000000000000000001004,BSC Token Hub,0
bsc_token_hub_2022__hn040,bsc_token_hub_2022,0xf81db664fb5240562f2a1429b484dcbc1654143b,bsc,21732650,0x0000000000000000000000000000000000001004,BSC Token Hub,0
bsc_token_hub_2022__hn041,bsc_token_hub_2022,0x338a9f8c8f85d9a2084d66668150143cc22520f7,bsc,21732651,0x0000000000000000000000000000000000001004,BSC Token Hub,0
bsc_token_hub_2022__hn042,bsc_token_hub_2022,0xfeabcd95b07d02e994832ce37d48ec7304d146a1,bsc,21732651,0x0000000000000000000000000000000000001004,BSC Token Hub,0
bsc_token_hub_2022__hn044,bsc_token_hub_2022,0xe5581fe5be77aec5f143b0f170d80faef401edf9,bsc,21732651,0x0000000000000000000000000000000000001004,BSC Token Hub,0
bsc_token_hub_2022__hn045,bsc_token_hub_2022,0x9290468db1011b84a9ba616a9d70c15246f4d1c1,bsc,21732651,0x0000000000000000000000000000000000001004,BSC Token Hub,0
bsc_token_hub_2022__hn046,bsc_token_hub_2022,0x7964b09cc196acbc30f3737b22e4b7d88a47e7ed,bsc,21732725,0x0000000000000000000000000000000000001004,BSC Token Hub,0
bsc_token_hub_2022__hn047,bsc_token_hub_2022,0x95795d2915c43b7fda76ce454fac3ccda2073efe,bsc,21732735,0x0000000000000000000000000000000000001004,BSC Token Hub,0
bsc_token_hub_2022__hn048,bsc_token_hub_2022,0x27d529fd902757312444a201ad2a02fdc6c4127c,bsc,21732762,0x0000000000000000000000000000000000001004,BSC Token Hub,0
bsc_token_hub_2022__hn049,bsc_token_hub_2022,0xcbdb5c45e08be59e4882c9dbcc23bb9b3c3956b3,bsc,21732763,0x0000000000000000000000000000000000001004,BSC Token Hub,0
bsc_token_hub_2022__hn050,bsc_token_hub_2022,0x1a240752bc815ad8e9128db961511dc31b5b0f74,bsc,21732763,0x0000000000000000000000000000000000001004,BSC Token Hub,0
bsc_token_hub_2022__hn051,bsc_token_hub_2022,0xd701b9feaac5656191391b0c0f47fe16716655b2,bsc,21732763,0x0000000000000000000000000000000000001004,BSC Token Hub,0
bsc_token_hub_2022__hn052,bsc_token_hub_2022,0x2d1586c5dd09ee08f8e1da0a61843568ee370b2e,bsc,21732763,0x0000000000000000000000000000000000001004,BSC Token Hub,0
bsc_token_hub_2022__hn053,bsc_token_hub_2022,0xcfb2c96a542b86883a33188b866a0307b79706bd,bsc,21732763,0x0000000000000000000000000000000000001004,BSC Token Hub,0
bsc_token_hub_2022__hn054,bsc_token_hub_2022,0x7a32991ceb97a47dd862aedee484a2bb7553e009,bsc,21732763,0x0000000000000000000000000000000000001004,BSC Token Hub,0
bsc_token_hub_2022__hn055,bsc_token_hub_2022,0xcdcf5cf9fa953afcd7f9c886a6133b6a7925decb,bsc,21732763,0x0000000000000000000000000000000000001004,BSC Token Hub,0
bsc_token_hub_2022__hn056,bsc_token_hub_2022,0xb7ddfc1f8e7f3e8296a9e2eed1bbfb32f7ac9888,bsc,21732768,0x0000000000000000000000000000000000001004,BSC Token Hub,0
bsc_token_hub_2022__hn057,bsc_token_hub_2022,0xf4417cf6eecce05f27c2f0a90878dbde55c402ce,bsc,21732895,0x0000000000000000000000000000000000001004,BSC Token Hub,0
bsc_token_hub_2022__hn058,bsc_token_hub_2022,0xd04cdc2502b38835d097eab60dd0fa8d1774c4cf,bsc,21732901,0x0000000000000000000000000000000000001004,BSC Token Hub,0
bsc_token_hub_2022__hn059,bsc_token_hub_2022,0x7358c3945e9f4b465b4f31137dc7efead88d710d,bsc,21732905,0x0000000000000000000000000000000000001004,BSC Token Hub,0
bsc_token_hub_2022__hn060,bsc_token_hub_2022,0xc1837f1da852dbaf96bd94bac8c6240edac83dc6,bsc,21732905,0x0000000000000000000000000000000000001004,BSC Token Hub,0
bsc_token_hub_2022__hn061,bsc_token_hub_2022,0x8944c3adaab68982c3e3e1d7c1e3fc39a3c42f70,bsc,21732905,0x0000000000000000000000000000000000001004,BSC Token Hub,0
bsc_token_hub_2022__hn062,bsc_token_hub_2022,0xee440e8faf5927eb86d8672445fc5f495a2d09f3,bsc,21732650,0x0000000000000000000000000000000000001004,BSC Token Hub,0
bsc_token_hub_2022__hn063,bsc_token_hub_2022,0x7f3b8c126b9f66febbf5da84d42e479bd9e40757,bsc,21732905,0x0000000000000000000000000000000000001004,BSC Token Hub,0
bsc_token_hub_2022__hn064,bsc_token_hub_2022,0x7f44ff19d946538d85ea89846e695b6fcbe61b66,bsc,21732905,0x0000000000000000000000000000000000001004,BSC Token Hub,0
bsc_token_hub_2022__hn065,bsc_token_hub_2022,0x78b6c737f75162b0a26993b666892ed96230cd96,bsc,21733021,0x0000000000000000000000000000000000001004,BSC Token Hub,0
bsc_token_hub_2022__hn066,bsc_token_hub_2022,0xeb3ef959c7aa374fc159b2718c072937e7f6c8cd,bsc,21733021,0x0000000000000000000000000000000000001004,BSC Token Hub,0
bsc_token_hub_2022__hn067,bsc_token_hub_2022,0xe7d28242fa613771ffea82d19b1d4501b0f3f8c2,bsc,21733021,0x0000000000000000000000000000000000001004,BSC Token Hub,0
bsc_token_hub_2022__hn068,bsc_token_hub_2022,0x95a143c0d80ec654483aa840a7f49f120eababcb,bsc,21733021,0x0000000000000000000000000000000000001004,BSC Token Hub,0
bsc_token_hub_2022__hn069,bsc_token_hub_2022,0xd9a69ca8f532821bfd60bcd7c6a442fec3d780d0,bsc,21733021,0x0000000000000000000000000000000000001004,BSC Token Hub,0
qbridge_qubit_2022__hn000,qbridge_qubit_2022,0xa8c6761cf7c0ff141c5d852913e26623ef810410,bsc,14540400,0x10ed43c718714eb63d5aa57b78b54704e256024e,PancakeSwap V2,0
qbridge_qubit_2022__hn001,qbridge_qubit_2022,0xd3e9388f69cb6c58f111dd8ed373a475132cc5b8,bsc,14540400,0x10ed43c718714eb63d5aa57b78b54704e256024e,PancakeSwap V2,0
qbridge_qubit_2022__hn002,qbridge_qubit_2022,0x2e437baa2e9e939082dcd74516b2b18ab7f587e9,bsc,14540400,0x10ed43c718714eb63d5aa57b78b54704e256024e,PancakeSwap V2,0
qbridge_qubit_2022__hn003,qbridge_qubit_2022,0xebf4f66778fb5978312c276226678668989f5e63,bsc,14540400,0x10ed43c718714eb63d5aa57b78b54704e256024e,PancakeSwap V2,0
qbridge_qubit_2022__hn004,qbridge_qubit_2022,0x1982d1d7ffee117b98cee84cee2e2e89c1cc2729,bsc,14540400,0x10ed43c718714eb63d5aa57b78b54704e256024e,PancakeSwap V2,0
qbridge_qubit_2022__hn005,qbridge_qubit_2022,0x82d6e409438e9c2eaed8ceec4bd95918cbd17c87,bsc,14540400,0x10ed43c718714eb63d5aa57b78b54704e256024e,PancakeSwap V2,0
qbridge_qubit_2022__hn006,qbridge_qubit_2022,0xe2c2e984bb7c13cf7c6ced616e45920096b5c4b5,bsc,14540400,0x10ed43c718714eb63d5aa57b78b54704e256024e,PancakeSwap V2,0
qbridge_qubit_2022__hn007,qbridge_qubit_2022,0x4fbf1710a862f67b0a7e903eba4bf90601ba2c8f,bsc,14540400,0x10ed43c718714eb63d5aa57b78b54704e256024e,PancakeSwap V2,0
qbridge_qubit_2022__hn008,qbridge_qubit_2022,0x9858df0532bbd85f7a335a18de7a051a3d557889,bsc,14540400,0x10ed43c718714eb63d5aa57b78b54704e256024e,PancakeSwap V2,0
qbridge_qubit_2022__hn009,qbridge_qubit_2022,0xbe4b76587af273d2f78477b080bb5e22ff0e560b,bsc,14540400,0x10ed43c718714eb63d5aa57b78b54704e256024e,PancakeSwap V2,0
qbridge_qubit_2022__hn010,qbridge_qubit_2022,0x740b4c277a94cc781ec9da438d2eb12f75deee46,bsc,14586525,0x10ed43c718714eb63d5aa57b78b54704e256024e,PancakeSwap V2,0
qbridge_qubit_2022__hn011,qbridge_qubit_2022,0x6ca811ced85bf3ffa92ac288c528cc8107eee0f6,bsc,14540401,0x10ed43c718714eb63d5aa57b78b54704e256024e,PancakeSwap V2,0
qbridge_qubit_2022__hn012,qbridge_qubit_2022,0x31b6c96f4dd72d65b846d0d33c1582ce933fea10,bsc,14541096,0x10ed43c718714eb63d5aa57b78b54704e256024e,PancakeSwap V2,0
qbridge_qubit_2022__hn013,qbridge_qubit_2022,0xcc7f164b57b4217258a41ed4e50651f27b37daaf,bsc,14540401,0x10ed43c718714eb63d5aa57b78b54704e256024e,PancakeSwap V2,0
qbridge_qubit_2022__hn014,qbridge_qubit_2022,0x0d0196af57d8c4b1848d009a3be0deb73be7e30b,bsc,14540401,0x10ed43c718714eb63d5aa57b78b54704e256024e,PancakeSwap V2,0
qbridge_qubit_2022__hn015,qbridge_qubit_2022,0xbd1912d6bd012671cf15d70c74333f33f134afd6,bsc,14540401,0x10ed43c718714eb63d5aa57b78b54704e256024e,PancakeSwap V2,0
qbridge_qubit_2022__hn016,qbridge_qubit_2022,0x2d7678f2b1cf3ce376804fc4624202615bbf946a,bsc,14540401,0x10ed43c718714eb63d5aa57b78b54704e256024e,PancakeSwap V2,0
qbridge_qubit_2022__hn017,qbridge_qubit_2022,0x56da53ad93f9af5c55523a57955270cf70965038,bsc,14540401,0x10ed43c718714eb63d5aa57b78b54704e256024e,PancakeSwap V2,0
qbridge_qubit_2022__hn018,qbridge_qubit_2022,0x3ddde25de96e79ef31ce043bf9855e90566a78c7,bsc,14540401,0x10ed43c718714eb63d5aa57b78b54704e256024e,PancakeSwap V2,0
qbridge_qubit_2022__hn019,qbridge_qubit_2022,0x4410b12cc26893510e90bc0922a3597ab970b7fc,bsc,14540401,0x10ed43c718714eb63d5aa57b78b54704e256024e,PancakeSwap V2,0
qbridge_qubit_2022__hn020,qbridge_qubit_2022,0xe661a8a144b008d9e232563077a345167dfc8913,bsc,14540401,0x10ed43c718714eb63d5aa57b78b54704e256024e,PancakeSwap V2,0
qbridge_qubit_2022__hn021,qbridge_qubit_2022,0xd31ec09969003dd1271d5d0390d515ae8d7c8ca2,bsc,14540401,0x10ed43c718714eb63d5aa57b78b54704e256024e,PancakeSwap V2,0
qbridge_qubit_2022__hn022,qbridge_qubit_2022,0x1272ff8cc03a2605584b391e5177345b567504f1,bsc,14540401,0x10ed43c718714eb63d5aa57b78b54704e256024e,PancakeSwap V2,0
qbridge_qubit_2022__hn023,qbridge_qubit_2022,0xb497c8ee733ac6fac118ddd9b5301c4742b41875,bsc,14540402,0x10ed43c718714eb63d5aa57b78b54704e256024e,PancakeSwap V2,0
qbridge_qubit_2022__hn024,qbridge_qubit_2022,0xd8b31218eae19f085f9525f320733ff1cc8bf0b4,bsc,14540402,0x10ed43c718714eb63d5aa57b78b54704e256024e,PancakeSwap V2,0
qbridge_qubit_2022__hn025,qbridge_qubit_2022,0x9bd8738000b89c7390e97306343dde6b8824fb8f,bsc,14540402,0x10ed43c718714eb63d5aa57b78b54704e256024e,PancakeSwap V2,0
qbridge_qubit_2022__hn026,qbridge_qubit_2022,0x8351dbf7e151d4ee485fa4d54de21a0933e6f076,bsc,14540402,0x10ed43c718714eb63d5aa57b78b54704e256024e,PancakeSwap V2,0
qbridge_qubit_2022__hn027,qbridge_qubit_2022,0x742f2b4aeaa5ad47e31fd145398331398545ecd6,bsc,14540402,0x10ed43c718714eb63d5aa57b78b54704e256024e,PancakeSwap V2,0
qbridge_qubit_2022__hn028,qbridge_qubit_2022,0x58890f499b75daa97e5169a27cc635b02b82cdc4,bsc,14540434,0x10ed43c718714eb63d5aa57b78b54704e256024e,PancakeSwap V2,0
qbridge_qubit_2022__hn029,qbridge_qubit_2022,0xecc02068bcdf9c0114399830772f984e512a0e22,bsc,14540402,0x10ed43c718714eb63d5aa57b78b54704e256024e,PancakeSwap V2,0
qbridge_qubit_2022__hn030,qbridge_qubit_2022,0x06a13288b17ee34872210e76591e6d4816beb243,bsc,14540403,0x10ed43c718714eb63d5aa57b78b54704e256024e,PancakeSwap V2,0
qbridge_qubit_2022__hn031,qbridge_qubit_2022,0xe3a7db41861dd1d0083e47a767d348a4d36e4aeb,bsc,14540403,0x10ed43c718714eb63d5aa57b78b54704e256024e,PancakeSwap V2,0
qbridge_qubit_2022__hn032,qbridge_qubit_2022,0x61f98fcbe53a1af02bace562e61028c63a5be6b8,bsc,14540403,0x10ed43c718714eb63d5aa57b78b54704e256024e,PancakeSwap V2,0
qbridge_qubit_2022__hn033,qbridge_qubit_2022,0x0fb4759812e42d6d9531d46efa10e855264c586f,bsc,14540403,0x10ed43c718714eb63d5aa57b78b54704e256024e,PancakeSwap V2,0
qbridge_qubit_2022__hn034,qbridge_qubit_2022,0xecb8939cf4ff39855f84f7f37f30ceaeaf735144,bsc,14540403,0x10ed43c718714eb63d5aa57b78b54704e256024e,PancakeSwap V2,0
feg_bridge_2024__hn000,feg_bridge_2024,0x69b90f4b73ec3718ed5a78b3accd9cc7626c829e,eth,21460418,0xd90e2f925da726b50c4ed8d0fb90ad053324f31b,Tornado Cash Router,0
feg_bridge_2024__hn001,feg_bridge_2024,0xcf4be3de65685bbbbf73f5fc928f54d11cbb802d,eth,21461482,0xd90e2f925da726b50c4ed8d0fb90ad053324f31b,Tornado Cash Router,0
feg_bridge_2024__hn002,feg_bridge_2024,0xea3ae61bdf2ddf58a784afb93c185bcdb95df505,eth,21464590,0xd90e2f925da726b50c4ed8d0fb90ad053324f31b,Tornado Cash Router,0
feg_bridge_2024__hn003,feg_bridge_2024,0xba0932dbcc81fabea8b9900dc313b698bbf2b578,eth,21464794,0xd90e2f925da726b50c4ed8d0fb90ad053324f31b,Tornado Cash Router,0
feg_bridge_2024__hn004,feg_bridge_2024,0xed47ef0899bf1770e7182adac25a7029bf69f913,eth,21465073,0xd90e2f925da726b50c4ed8d0fb90ad053324f31b,Tornado Cash Router,0
feg_bridge_2024__hn005,feg_bridge_2024,0xcc32e4accf431bc3183c6901adfedb9a45ddacff,eth,21465115,0xd90e2f925da726b50c4ed8d0fb90ad053324f31b,Tornado Cash Router,0
feg_bridge_2024__hn006,feg_bridge_2024,0x930105721d8568146597d8c0921e23cc6974c5a5,eth,21465124,0xd90e2f925da726b50c4ed8d0fb90ad053324f31b,Tornado Cash Router,0
feg_bridge_2024__hn007,feg_bridge_2024,0x4750bcfcc340aa4b31be7e71fa072716d28c29c5,eth,21465338,0xd90e2f925da726b50c4ed8d0fb90ad053324f31b,Tornado Cash Router,0
feg_bridge_2024__hn008,feg_bridge_2024,0x3d90297eac3f03482e4c2160da35c353c852cfec,eth,21469588,0xd90e2f925da726b50c4ed8d0fb90ad053324f31b,Tornado Cash Router,0
feg_bridge_2024__hn009,feg_bridge_2024,0xc39b43b22942be138d917447d1f41a6dd5fd1ff9,eth,21470509,0xd90e2f925da726b50c4ed8d0fb90ad053324f31b,Tornado Cash Router,0
feg_bridge_2024__hn010,feg_bridge_2024,0xa435209d0acb919adf23f88816b18e6be41eb407,eth,21471011,0xd90e2f925da726b50c4ed8d0fb90ad053324f31b,Tornado Cash Router,0
feg_bridge_2024__hn011,feg_bridge_2024,0xb210053128d404579fde301ca075e08f3788e0b5,eth,21471936,0xd90e2f925da726b50c4ed8d0fb90ad053324f31b,Tornado Cash Router,0
feg_bridge_2024__hn012,feg_bridge_2024,0x32571a6960e3d62da89d27c3192d7e3b312a0c6a,eth,21472107,0xd90e2f925da726b50c4ed8d0fb90ad053324f31b,Tornado Cash Router,0
feg_bridge_2024__hn013,feg_bridge_2024,0x04655d0305a6adef193fe46b629e9942b858e50e,eth,21478929,0xd90e2f925da726b50c4ed8d0fb90ad053324f31b,Tornado Cash Router,0
feg_bridge_2024__hn014,feg_bridge_2024,0xa2af411e1e6075db4289ee9a5d7b34620505ca89,eth,21480294,0xd90e2f925da726b50c4ed8d0fb90ad053324f31b,Tornado Cash Router,0
feg_bridge_2024__hn015,feg_bridge_2024,0x0ac904688a78b3e509c0a649e32e7b61f8fb0eab,eth,21484936,0xd90e2f925da726b50c4ed8d0fb90ad053324f31b,Tornado Cash Router,0
feg_bridge_2024__hn016,feg_bridge_2024,0xde01d5a63543e342afe7115fb9f69adc91867e7c,eth,21485738,0xd90e2f925da726b50c4ed8d0fb90ad053324f31b,Tornado Cash Router,0
feg_bridge_2024__hn017,feg_bridge_2024,0xaec3e4cae8643cd1abb05ff0c6454e7a1a66a396,eth,21487267,0xd90e2f925da726b50c4ed8d0fb90ad053324f31b,Tornado Cash Router,0
feg_bridge_2024__hn018,feg_bridge_2024,0x073cdd1bc9ee98f49bb779b91090955e30ed55ff,eth,21487405,0xd90e2f925da726b50c4ed8d0fb90ad053324f31b,Tornado Cash Router,0
feg_bridge_2024__hn019,feg_bridge_2024,0xf2f03d9bb6ca62051ad1b23790a8fc853939ca2a,eth,21488100,0xd90e2f925da726b50c4ed8d0fb90ad053324f31b,Tornado Cash Router,0
feg_bridge_2024__hn020,feg_bridge_2024,0xd5cfd0a950aec3759a04d5e6ee0e726862f5c062,eth,21488599,0xd90e2f925da726b50c4ed8d0fb90ad053324f31b,Tornado Cash Router,0
feg_bridge_2024__hn021,feg_bridge_2024,0x91fc02244ecf066eb53fdf8326ab1e4374348070,eth,21492237,0xd90e2f925da726b50c4ed8d0fb90ad053324f31b,Tornado Cash Router,0
feg_bridge_2024__hn022,feg_bridge_2024,0x8432da18c8657f6ee3eb28f39dc4259d163c5e88,eth,21492551,0xd90e2f925da726b50c4ed8d0fb90ad053324f31b,Tornado Cash Router,0
feg_bridge_2024__hn023,feg_bridge_2024,0x1aa3fb57beddf97c0890d561fbde66725634c926,eth,21493127,0xd90e2f925da726b50c4ed8d0fb90ad053324f31b,Tornado Cash Router,0
feg_bridge_2024__hn024,feg_bridge_2024,0x72804ead01b2458768a53476551ecea3c3da6ed4,eth,21493362,0xd90e2f925da726b50c4ed8d0fb90ad053324f31b,Tornado Cash Router,0
feg_bridge_2024__hn025,feg_bridge_2024,0xbac5d9fc6596b0fa1ebe02724ef4c4ca98b07dca,eth,21494447,0xd90e2f925da726b50c4ed8d0fb90ad053324f31b,Tornado Cash Router,0
feg_bridge_2024__hn027,feg_bridge_2024,0x77b21410f204262c5be7e82620d5763c88f2dd87,eth,21499092,0xd90e2f925da726b50c4ed8d0fb90ad053324f31b,Tornado Cash Router,0
feg_bridge_2024__hn028,feg_bridge_2024,0x3651c747502b39e9c3ba584706fb24a4ee5da31e,eth,21499384,0xd90e2f925da726b50c4ed8d0fb90ad053324f31b,Tornado Cash Router,0
feg_bridge_2024__hn029,feg_bridge_2024,0x2ebc8e8065d7cb1636004eb8dd670162e9dbccee,eth,21499624,0xd90e2f925da726b50c4ed8d0fb90ad053324f31b,Tornado Cash Router,0
feg_bridge_2024__hn030,feg_bridge_2024,0x3057ad41750d33f852a83b61f5213a95930c53f6,eth,21500066,0xd90e2f925da726b50c4ed8d0fb90ad053324f31b,Tornado Cash Router,0
feg_bridge_2024__hn031,feg_bridge_2024,0x12475b855a2aeac5d07ec882c85f15d4d91af445,eth,21500984,0xd90e2f925da726b50c4ed8d0fb90ad053324f31b,Tornado Cash Router,0
chibi_finance_2023__hn000,chibi_finance_2023,0xc2825494a86716c1fee3c4ed0fa7176b870fc75b,arbitrum,104560200,0xbf22f0f184bccbea268df387a49ff5238dd23e40,Stargate (LayerZero),0
chibi_finance_2023__hn001,chibi_finance_2023,0x53bf833a5d6c4dda888f69c22c88c9f356a41614,arbitrum,104560200,0xbf22f0f184bccbea268df387a49ff5238dd23e40,Stargate (LayerZero),0
chibi_finance_2023__hn002,chibi_finance_2023,0xf88fe93701374b7b362ff00abf9ae4be00c26e9e,arbitrum,104560308,0xbf22f0f184bccbea268df387a49ff5238dd23e40,Stargate (LayerZero),0
chibi_finance_2023__hn003,chibi_finance_2023,0x7c2fb1d06331bb98bc76574a4d38d5b175beeedb,arbitrum,104560373,0xbf22f0f184bccbea268df387a49ff5238dd23e40,Stargate (LayerZero),0
chibi_finance_2023__hn004,chibi_finance_2023,0xab4416ab38702905244cfe868d1d218bd4dcb8a2,arbitrum,104560479,0xbf22f0f184bccbea268df387a49ff5238dd23e40,Stargate (LayerZero),0
chibi_finance_2023__hn005,chibi_finance_2023,0xa6f11b6b0da7555b8c4624633ea76a124ece54a7,arbitrum,104560497,0xbf22f0f184bccbea268df387a49ff5238dd23e40,Stargate (LayerZero),0
chibi_finance_2023__hn006,chibi_finance_2023,0xef25712544465fcc2c5a87b4b367e80674711df2,arbitrum,104560505,0xbf22f0f184bccbea268df387a49ff5238dd23e40,Stargate (LayerZero),0
chibi_finance_2023__hn007,chibi_finance_2023,0x9fb4eb8cdd70a6a52083a6ea8f29d02f188ebd7f,arbitrum,104560513,0xbf22f0f184bccbea268df387a49ff5238dd23e40,Stargate (LayerZero),0
chibi_finance_2023__hn008,chibi_finance_2023,0x349b1fdc5ac0a4cca926ea7d405d2fa161caa47f,arbitrum,104560653,0xbf22f0f184bccbea268df387a49ff5238dd23e40,Stargate (LayerZero),0
chibi_finance_2023__hn009,chibi_finance_2023,0x6d91febf17b921afd38f4c91ccdff093d6bbfc82,arbitrum,104560712,0xbf22f0f184bccbea268df387a49ff5238dd23e40,Stargate (LayerZero),0
chibi_finance_2023__hn010,chibi_finance_2023,0x19d22c3b701b9c4ceca2c6f6dd41ca07c262936d,arbitrum,104560723,0xbf22f0f184bccbea268df387a49ff5238dd23e40,Stargate (LayerZero),0
chibi_finance_2023__hn011,chibi_finance_2023,0xb282727c75ff199c2346206da81d8d661dcc9f04,arbitrum,104560757,0xbf22f0f184bccbea268df387a49ff5238dd23e40,Stargate (LayerZero),0
chibi_finance_2023__hn012,chibi_finance_2023,0x5f010f2c0b515a03059545faae5ec1c0e6978c09,arbitrum,104560762,0xbf22f0f184bccbea268df387a49ff5238dd23e40,Stargate (LayerZero),0
chibi_finance_2023__hn013,chibi_finance_2023,0x3f915d1b8b573768ec82bbfe319adc9f8cec49b2,arbitrum,104560795,0xbf22f0f184bccbea268df387a49ff5238dd23e40,Stargate (LayerZero),0
chibi_finance_2023__hn014,chibi_finance_2023,0x3c71d0510dca7c4b1b3533b1a0c3e95716c30aec,arbitrum,104560910,0xbf22f0f184bccbea268df387a49ff5238dd23e40,Stargate (LayerZero),0
chibi_finance_2023__hn015,chibi_finance_2023,0x5c70d62b91399ae9d161b74b7d00cfa7bcd41acb,arbitrum,104560951,0xbf22f0f184bccbea268df387a49ff5238dd23e40,Stargate (LayerZero),0
chibi_finance_2023__hn016,chibi_finance_2023,0x0ee0f5850fd34f14a442ebe3f00b3c50629cfc12,arbitrum,104560997,0xbf22f0f184bccbea268df387a49ff5238dd23e40,Stargate (LayerZero),0
chibi_finance_2023__hn017,chibi_finance_2023,0xf531866c2f5483eb1f192454809956a8241165da,arbitrum,104561182,0xbf22f0f184bccbea268df387a49ff5238dd23e40,Stargate (LayerZero),0
chibi_finance_2023__hn018,chibi_finance_2023,0x607dbde7e6734b10bce590fce139a9b41a0d8f4d,arbitrum,104561226,0xbf22f0f184bccbea268df387a49ff5238dd23e40,Stargate (LayerZero),0
chibi_finance_2023__hn019,chibi_finance_2023,0xd301e34c48f9a2e49611e04e086cbc776c4d3063,arbitrum,104561252,0xbf22f0f184bccbea268df387a49ff5238dd23e40,Stargate (LayerZero),0
chibi_finance_2023__hn020,chibi_finance_2023,0xcec077e7dd3156c64f25a5fb2e02625f10d09476,arbitrum,104561400,0xbf22f0f184bccbea268df387a49ff5238dd23e40,Stargate (LayerZero),0
chibi_finance_2023__hn021,chibi_finance_2023,0xee5c9550d1d56a921a63db0ac788b7ef15a2a436,arbitrum,104561473,0xbf22f0f184bccbea268df387a49ff5238dd23e40,Stargate (LayerZero),0
chibi_finance_2023__hn022,chibi_finance_2023,0xa20cec2ddb08ea48499e0e9b11678b87aef4f4eb,arbitrum,104561577,0xbf22f0f184bccbea268df387a49ff5238dd23e40,Stargate (LayerZero),0
chibi_finance_2023__hn023,chibi_finance_2023,0x4fa8f58dd684a17aa82c8fe1d0c7d92a91978062,arbitrum,104561614,0xbf22f0f184bccbea268df387a49ff5238dd23e40,Stargate (LayerZero),0
chibi_finance_2023__hn024,chibi_finance_2023,0xef88bc619d233a72fcd43ae924134e88306724dd,arbitrum,104561617,0xbf22f0f184bccbea268df387a49ff5238dd23e40,Stargate (LayerZero),0
wooppv2_2024__hn000,wooppv2_2024,0x3d5325744dffe3e108a88d60bd960dd6db1b7aa0,arbitrum,186575484,0xbf22f0f184bccbea268df387a49ff5238dd23e40,Stargate (LayerZero),0
wooppv2_2024__hn001,wooppv2_2024,0x915a55e36a01285a14f05de6e81ed9ce89772f8e,arbitrum,186575484,0xbf22f0f184bccbea268df387a49ff5238dd23e40,Stargate (LayerZero),0
wooppv2_2024__hn002,wooppv2_2024,0x980d66d365a38ddeb43b500c00558a804b4c942a,arbitrum,186575489,0xbf22f0f184bccbea268df387a49ff5238dd23e40,Stargate (LayerZero),0
wooppv2_2024__hn003,wooppv2_2024,0x77dc85acb51f9e0db15d62c8c294a14c9252abfb,arbitrum,186575492,0xbf22f0f184bccbea268df387a49ff5238dd23e40,Stargate (LayerZero),0
wooppv2_2024__hn004,wooppv2_2024,0x1b49c59ad2b1adb4ccf5607c23b5fc9d3d5f532d,arbitrum,186575504,0xbf22f0f184bccbea268df387a49ff5238dd23e40,Stargate (LayerZero),0
wooppv2_2024__hn005,wooppv2_2024,0xbdd574f03104ffeab05a26fbf3d896577baadfbc,arbitrum,186575531,0xbf22f0f184bccbea268df387a49ff5238dd23e40,Stargate (LayerZero),0
wooppv2_2024__hn006,wooppv2_2024,0xe0ecb3509041ecc1fda6cb680648c1250eaf6583,arbitrum,186575610,0xbf22f0f184bccbea268df387a49ff5238dd23e40,Stargate (LayerZero),0
wooppv2_2024__hn007,wooppv2_2024,0x30ca5c3759b986bb8d324ed2983023710503c99a,arbitrum,186575615,0xbf22f0f184bccbea268df387a49ff5238dd23e40,Stargate (LayerZero),0
wooppv2_2024__hn008,wooppv2_2024,0xef26993fc136be269efb8e7624e29750c647a376,arbitrum,186575886,0xbf22f0f184bccbea268df387a49ff5238dd23e40,Stargate (LayerZero),0
wooppv2_2024__hn009,wooppv2_2024,0xd8c92c382678ef5fe1b2101639c94c7f752c110b,arbitrum,186575895,0xbf22f0f184bccbea268df387a49ff5238dd23e40,Stargate (LayerZero),0
wooppv2_2024__hn010,wooppv2_2024,0xdcb0d9294239cbf3c9464b8430e6efb39b1933aa,arbitrum,186576051,0xbf22f0f184bccbea268df387a49ff5238dd23e40,Stargate (LayerZero),0
wooppv2_2024__hn011,wooppv2_2024,0x7bbf5e017b932dda39376fe3e140b50f973cba7f,arbitrum,186576267,0xbf22f0f184bccbea268df387a49ff5238dd23e40,Stargate (LayerZero),0
wooppv2_2024__hn012,wooppv2_2024,0x47e90e622b99cba98896977a432f95d8ab27d002,arbitrum,186576320,0xbf22f0f184bccbea268df387a49ff5238dd23e40,Stargate (LayerZero),0
wooppv2_2024__hn013,wooppv2_2024,0x9a24d54d88998979df977f61a632557c8cea0d7d,arbitrum,186576373,0xbf22f0f184bccbea268df387a49ff5238dd23e40,Stargate (LayerZero),0
wooppv2_2024__hn014,wooppv2_2024,0xc3ab2bfd99875629fceb1643ecfcfc99b50bbb1c,arbitrum,186576404,0xbf22f0f184bccbea268df387a49ff5238dd23e40,Stargate (LayerZero),0
wooppv2_2024__hn015,wooppv2_2024,0x212aefea11954292138900dbfc820512eb585a53,arbitrum,186576413,0xbf22f0f184bccbea268df387a49ff5238dd23e40,Stargate (LayerZero),0
wooppv2_2024__hn016,wooppv2_2024,0x3843df9c01d4e22e0d0087258f6f06a0a3b6f8aa,arbitrum,186576510,0xbf22f0f184bccbea268df387a49ff5238dd23e40,Stargate (LayerZero),0
wooppv2_2024__hn017,wooppv2_2024,0x71c8cd0d18c0f8b3f7ed36a4dd4c3b20888752f7,arbitrum,186576553,0xbf22f0f184bccbea268df387a49ff5238dd23e40,Stargate (LayerZero),0
wooppv2_2024__hn018,wooppv2_2024,0x9bec0150a9268185b58ddbaa527335d246dee4f0,arbitrum,186576592,0xbf22f0f184bccbea268df387a49ff5238dd23e40,Stargate (LayerZero),0
wooppv2_2024__hn019,wooppv2_2024,0x998a23c8c192c550da6c8a0262658b69f2769e23,arbitrum,186576605,0xbf22f0f184bccbea268df387a49ff5238dd23e40,Stargate (LayerZero),0
wooppv2_2024__hn020,wooppv2_2024,0x36f366e941e2a5e66489a719ac937a1f5e003244,arbitrum,186576647,0xbf22f0f184bccbea268df387a49ff5238dd23e40,Stargate (LayerZero),0
wooppv2_2024__hn021,wooppv2_2024,0x141095709de0960ad5a57475f174e4bb18662959,arbitrum,186576679,0xbf22f0f184bccbea268df387a49ff5238dd23e40,Stargate (LayerZero),0
wooppv2_2024__hn022,wooppv2_2024,0x1981bda8e86728ef726ba1eb16842a15256f9dcb,arbitrum,186576686,0xbf22f0f184bccbea268df387a49ff5238dd23e40,Stargate (LayerZero),0
wooppv2_2024__hn023,wooppv2_2024,0x3ceb91a37d8d641db6b348e6ebd0b6f15b59c59d,arbitrum,186576687,0xbf22f0f184bccbea268df387a49ff5238dd23e40,Stargate (LayerZero),0
wooppv2_2024__hn024,wooppv2_2024,0x053f0aa7b371b84731a138058de4ff9bee7dc666,arbitrum,186576758,0xbf22f0f184bccbea268df387a49ff5238dd23e40,Stargate (LayerZero),0
utopiasphere_2024__hn000,utopiasphere_2024,0x6b47d7d550dd4df7a9a3f13d7c210ec9c66cfb6a,bsc,40462385,0x1231deb6f5749ef6ce6943a275a1d3e7486f4eae,LI.FI Diamond,0
utopiasphere_2024__hn001,utopiasphere_2024,0xbd6c7b0d2f68c2b7805d88388319cfb6ecb50ea9,bsc,40462385,0x1231deb6f5749ef6ce6943a275a1d3e7486f4eae,LI.FI Diamond,0
utopiasphere_2024__hn002,utopiasphere_2024,0xe60dc00744072039c41392720d9f13e696b07df9,bsc,40462394,0x1231deb6f5749ef6ce6943a275a1d3e7486f4eae,LI.FI Diamond,0
utopiasphere_2024__hn003,utopiasphere_2024,0x773c309bd65d8de16869d195d08e6b75013f094c,bsc,40462414,0x1231deb6f5749ef6ce6943a275a1d3e7486f4eae,LI.FI Diamond,0
utopiasphere_2024__hn004,utopiasphere_2024,0x70d2ca67d5394de1be51c359e84d38eee03b6015,bsc,40462504,0x1231deb6f5749ef6ce6943a275a1d3e7486f4eae,LI.FI Diamond,0
utopiasphere_2024__hn005,utopiasphere_2024,0xb36b64d3463c0e595da4bc4e29a9f3b60fc1d89b,bsc,40462544,0x1231deb6f5749ef6ce6943a275a1d3e7486f4eae,LI.FI Diamond,0
utopiasphere_2024__hn006,utopiasphere_2024,0x219b3deeaa89217e92a2d353cee2886f5f26f11b,bsc,40462550,0x1231deb6f5749ef6ce6943a275a1d3e7486f4eae,LI.FI Diamond,0
utopiasphere_2024__hn007,utopiasphere_2024,0x7e9ac4845461c64ad31ef20eb233fc68b514b769,bsc,40462551,0x1231deb6f5749ef6ce6943a275a1d3e7486f4eae,LI.FI Diamond,0
utopiasphere_2024__hn008,utopiasphere_2024,0xff994acc57744b8f35fa7ead0af0495426308416,bsc,40462570,0x1231deb6f5749ef6ce6943a275a1d3e7486f4eae,LI.FI Diamond,0
utopiasphere_2024__hn009,utopiasphere_2024,0x8e17f347ad8b56175148f1659c10090cd599c7f3,bsc,40462595,0x1231deb6f5749ef6ce6943a275a1d3e7486f4eae,LI.FI Diamond,0
utopiasphere_2024__hn010,utopiasphere_2024,0xfa4c091de0b1442d20610a2a8b89d324ad1ce840,bsc,40462601,0x1231deb6f5749ef6ce6943a275a1d3e7486f4eae,LI.FI Diamond,0
utopiasphere_2024__hn011,utopiasphere_2024,0x8a2404fde85f94d46bc55464e2df04c72bd9ee19,bsc,40462707,0x1231deb6f5749ef6ce6943a275a1d3e7486f4eae,LI.FI Diamond,0
utopiasphere_2024__hn012,utopiasphere_2024,0xc530c67aa9fd1952a26687230354411e2645dd3f,bsc,40462708,0x1231deb6f5749ef6ce6943a275a1d3e7486f4eae,LI.FI Diamond,0
utopiasphere_2024__hn013,utopiasphere_2024,0xcd401c10afa37d641d2f594852da94c700e4f2ce,bsc,40464875,0x1231deb6f5749ef6ce6943a275a1d3e7486f4eae,LI.FI Diamond,0
utopiasphere_2024__hn014,utopiasphere_2024,0xad7cc86b9db44fe6a75e37a70124d58c01ae05d8,bsc,40462735,0x1231deb6f5749ef6ce6943a275a1d3e7486f4eae,LI.FI Diamond,0
utopiasphere_2024__hn015,utopiasphere_2024,0x1f7b96e393522ad6d20bfcfa2180cb732d298018,bsc,40462740,0x1231deb6f5749ef6ce6943a275a1d3e7486f4eae,LI.FI Diamond,0
utopiasphere_2024__hn016,utopiasphere_2024,0xeb1515543ebecf47b35bed7a2a757fd32260583e,bsc,40462740,0x1231deb6f5749ef6ce6943a275a1d3e7486f4eae,LI.FI Diamond,0
utopiasphere_2024__hn017,utopiasphere_2024,0x1ef94f1fab0b34308d39b3459711e6543ca593f4,bsc,40462751,0x1231deb6f5749ef6ce6943a275a1d3e7486f4eae,LI.FI Diamond,0
utopiasphere_2024__hn018,utopiasphere_2024,0x551c2ff96a66f8be04c92ba00f36b534e12a2a81,bsc,40462820,0x1231deb6f5749ef6ce6943a275a1d3e7486f4eae,LI.FI Diamond,0
utopiasphere_2024__hn019,utopiasphere_2024,0x27235ab059c9fd9baf436dbed70980d4a23219df,bsc,40462845,0x1231deb6f5749ef6ce6943a275a1d3e7486f4eae,LI.FI Diamond,0
utopiasphere_2024__hn020,utopiasphere_2024,0x2088e0d5f3d5d9a2d3d5f0cc8444ff1278089219,bsc,40462861,0x1231deb6f5749ef6ce6943a275a1d3e7486f4eae,LI.FI Diamond,0
utopiasphere_2024__hn021,utopiasphere_2024,0xc1f429870ff4bfa52c3d3623d7406ffad4f02a3f,bsc,40462873,0x1231deb6f5749ef6ce6943a275a1d3e7486f4eae,LI.FI Diamond,0
utopiasphere_2024__hn022,utopiasphere_2024,0x62003975cbd5925a8783e58816fa9fdb4accdd54,bsc,40462892,0x1231deb6f5749ef6ce6943a275a1d3e7486f4eae,LI.FI Diamond,0
utopiasphere_2024__hn024,utopiasphere_2024,0x489fc638b2f4e08ff15203a9d34b2439f4ad6093,bsc,40462904,0x1231deb6f5749ef6ce6943a275a1d3e7486f4eae,LI.FI Diamond,0
xkingdom_2024__hn000,xkingdom_2024,0x90b682e4c468e1e2e506ee07d1e31ce8a1870856,arbitrum,166928424,0xbf22f0f184bccbea268df387a49ff5238dd23e40,Stargate (LayerZero),0
xkingdom_2024__hn001,xkingdom_2024,0x26e7f2d39a5c17057904169ffbfdc4578443e8a5,arbitrum,166928461,0xbf22f0f184bccbea268df387a49ff5238dd23e40,Stargate (LayerZero),0
xkingdom_2024__hn002,xkingdom_2024,0x93645e834d971ee86ddc9b57537feb6b6f5b9d92,arbitrum,166928501,0xbf22f0f184bccbea268df387a49ff5238dd23e40,Stargate (LayerZero),0
xkingdom_2024__hn003,xkingdom_2024,0x5e302bae0bdd4b302877ca28191a7a35c924f4b8,arbitrum,166928566,0xbf22f0f184bccbea268df387a49ff5238dd23e40,Stargate (LayerZero),0
xkingdom_2024__hn004,xkingdom_2024,0x7ed07f3982505e2566edb0ac3d61c75975b351e5,arbitrum,166928578,0xbf22f0f184bccbea268df387a49ff5238dd23e40,Stargate (LayerZero),0
xkingdom_2024__hn005,xkingdom_2024,0x2eac2ac2e77a21d2166922b5f22e35612aa331e6,arbitrum,166928618,0xbf22f0f184bccbea268df387a49ff5238dd23e40,Stargate (LayerZero),0
xkingdom_2024__hn006,xkingdom_2024,0x7fdd94493bcce41f242073b4924532a4190df742,arbitrum,166928621,0xbf22f0f184bccbea268df387a49ff5238dd23e40,Stargate (LayerZero),0
xkingdom_2024__hn007,xkingdom_2024,0xdc38f874f1e9313de6f08c7cb4babc3ce1d45ab0,arbitrum,166928745,0xbf22f0f184bccbea268df387a49ff5238dd23e40,Stargate (LayerZero),0
xkingdom_2024__hn008,xkingdom_2024,0xd0cd3b34928874e0ab6db07781d3642b2d7318d1,arbitrum,166928749,0xbf22f0f184bccbea268df387a49ff5238dd23e40,Stargate (LayerZero),0
xkingdom_2024__hn009,xkingdom_2024,0xadead77579e5ffb0de3a830e3abfe3a3f47e7134,arbitrum,166928756,0xbf22f0f184bccbea268df387a49ff5238dd23e40,Stargate (LayerZero),0
xkingdom_2024__hn010,xkingdom_2024,0x4c93a010838101a261def0267a81d0571267e67e,arbitrum,166928836,0xbf22f0f184bccbea268df387a49ff5238dd23e40,Stargate (LayerZero),0
xkingdom_2024__hn011,xkingdom_2024,0x48ee35540c57b891c24ea25ba63a25a2f96c8764,arbitrum,166928857,0xbf22f0f184bccbea268df387a49ff5238dd23e40,Stargate (LayerZero),0
xkingdom_2024__hn012,xkingdom_2024,0xd9c855e22b787e40a4df6dc35941fe56d0730d54,arbitrum,166928918,0xbf22f0f184bccbea268df387a49ff5238dd23e40,Stargate (LayerZero),0
xkingdom_2024__hn013,xkingdom_2024,0xa0087c9c2322a55bf8407311a9f59b5266639304,arbitrum,166928933,0xbf22f0f184bccbea268df387a49ff5238dd23e40,Stargate (LayerZero),0
xkingdom_2024__hn014,xkingdom_2024,0x91ab3c71a8118773dc0d344c750aeca06e531e03,arbitrum,166928939,0xbf22f0f184bccbea268df387a49ff5238dd23e40,Stargate (LayerZero),0
xkingdom_2024__hn015,xkingdom_2024,0x3404c97371fe461d3d5a14a26501e5e2be5d02ae,arbitrum,166928965,0xbf22f0f184bccbea268df387a49ff5238dd23e40,Stargate (LayerZero),0
xkingdom_2024__hn016,xkingdom_2024,0x5192b0d479198671564bdf37572badf3c401cbc1,arbitrum,166929006,0xbf22f0f184bccbea268df387a49ff5238dd23e40,Stargate (LayerZero),0
xkingdom_2024__hn017,xkingdom_2024,0x6860f114c5421e3e86c9c261436d705d8f51939a,arbitrum,166929060,0xbf22f0f184bccbea268df387a49ff5238dd23e40,Stargate (LayerZero),0
xkingdom_2024__hn018,xkingdom_2024,0xfb4abdb1ddede87dc0de713ffcc46f9e6d57fca2,arbitrum,166929075,0xbf22f0f184bccbea268df387a49ff5238dd23e40,Stargate (LayerZero),0
xkingdom_2024__hn019,xkingdom_2024,0x5b0098632cc739214d649670c3f077d67c9040a1,arbitrum,166929101,0xbf22f0f184bccbea268df387a49ff5238dd23e40,Stargate (LayerZero),0
xkingdom_2024__hn020,xkingdom_2024,0xcab488daf3b0754d4c5882155e0a6b98f3649a91,arbitrum,166929164,0xbf22f0f184bccbea268df387a49ff5238dd23e40,Stargate (LayerZero),0
xkingdom_2024__hn021,xkingdom_2024,0x45709db6311a2572aedc98b682f60641d5bfeb78,arbitrum,166929164,0xbf22f0f184bccbea268df387a49ff5238dd23e40,Stargate (LayerZero),0
wault_finance_2021__hn000,wault_finance_2021,0x13199ead3852096a3b9d61d4b2e7eac0bd668958,bsc,9526893,0x10ed43c718714eb63d5aa57b78b54704e256024e,PancakeSwap V2,0
wault_finance_2021__hn001,wault_finance_2021,0x64c9768db394c38700b7fa425f91659c60038aae,bsc,9526893,0x10ed43c718714eb63d5aa57b78b54704e256024e,PancakeSwap V2,0
wault_finance_2021__hn002,wault_finance_2021,0x44946269f1256e211a54e807cf197cdd5c64eb3a,bsc,9526893,0x10ed43c718714eb63d5aa57b78b54704e256024e,PancakeSwap V2,0
wault_finance_2021__hn003,wault_finance_2021,0x07d2d1df90b4bf5e183ecea4e195fe8678c7e110,bsc,9526893,0x10ed43c718714eb63d5aa57b78b54704e256024e,PancakeSwap V2,0
wault_finance_2021__hn004,wault_finance_2021,0xa72ff2b799324b042ae379809ee54dace99db3a5,bsc,9526893,0x10ed43c718714eb63d5aa57b78b54704e256024e,PancakeSwap V2,0
wault_finance_2021__hn005,wault_finance_2021,0xc6ff2cbc339d638c1d73d993a55537b7a27312fc,bsc,9527051,0x10ed43c718714eb63d5aa57b78b54704e256024e,PancakeSwap V2,0
wault_finance_2021__hn006,wault_finance_2021,0x64f36701138f0e85cc10c34ea535fdbadcb54147,bsc,9526893,0x10ed43c718714eb63d5aa57b78b54704e256024e,PancakeSwap V2,0
wault_finance_2021__hn007,wault_finance_2021,0x02d370aab004bc02d899956eba3cf0ec5f8ca4e0,bsc,9526969,0x10ed43c718714eb63d5aa57b78b54704e256024e,PancakeSwap V2,0
wault_finance_2021__hn008,wault_finance_2021,0xcdfeb96bb8d0c0a0bba82a6c83dfd0e89b523298,bsc,9526893,0x10ed43c718714eb63d5aa57b78b54704e256024e,PancakeSwap V2,0
wault_finance_2021__hn009,wault_finance_2021,0xd23528f207dd9a2fe163a00079735e64f2d5dab3,bsc,9591646,0x10ed43c718714eb63d5aa57b78b54704e256024e,PancakeSwap V2,0
wault_finance_2021__hn010,wault_finance_2021,0xa652b790f499397ad626553d680c5892f866c426,bsc,9526894,0x10ed43c718714eb63d5aa57b78b54704e256024e,PancakeSwap V2,0
wault_finance_2021__hn011,wault_finance_2021,0x87dd317d10e9f5f15d9f642ac8fed29a8d3e1bdb,bsc,9526894,0x10ed43c718714eb63d5aa57b78b54704e256024e,PancakeSwap V2,0
wault_finance_2021__hn012,wault_finance_2021,0xe44246ccd850a020d1e74a14f49e89675d19ffeb,bsc,9526894,0x10ed43c718714eb63d5aa57b78b54704e256024e,PancakeSwap V2,0
wault_finance_2021__hn013,wault_finance_2021,0x931782c9375f92a12d8e7391517b05dc5894806c,bsc,9526895,0x10ed43c718714eb63d5aa57b78b54704e256024e,PancakeSwap V2,0
wault_finance_2021__hn014,wault_finance_2021,0x61d0ad69e825d9481f9df03ea596e78314f5c801,bsc,9526895,0x10ed43c718714eb63d5aa57b78b54704e256024e,PancakeSwap V2,0
wault_finance_2021__hn015,wault_finance_2021,0x7f4d2e4e6257c1ca0622f63149aa6fcce2af5f91,bsc,9526895,0x10ed43c718714eb63d5aa57b78b54704e256024e,PancakeSwap V2,0
wault_finance_2021__hn016,wault_finance_2021,0xdb8d30b74bf098af214e862c90e647bbb1fcc58c,bsc,9526895,0x10ed43c718714eb63d5aa57b78b54704e256024e,PancakeSwap V2,0
wault_finance_2021__hn017,wault_finance_2021,0xc87954ea3016818c5226bf4fa59bf7e24e6bd2a8,bsc,9526895,0x10ed43c718714eb63d5aa57b78b54704e256024e,PancakeSwap V2,0
wault_finance_2021__hn018,wault_finance_2021,0xc15301c56a99d5e6bee43b3206e34139f4f1f298,bsc,9526895,0x10ed43c718714eb63d5aa57b78b54704e256024e,PancakeSwap V2,0
wault_finance_2021__hn019,wault_finance_2021,0x404ba35cde89c7df0f1dd49eee9e1f134ccb2de3,bsc,9526896,0x10ed43c718714eb63d5aa57b78b54704e256024e,PancakeSwap V2,0
wault_finance_2021__hn020,wault_finance_2021,0x8e5f8e5110d5238d11bd4def999c475ef36e76c1,bsc,9526896,0x10ed43c718714eb63d5aa57b78b54704e256024e,PancakeSwap V2,0
wault_finance_2021__hn021,wault_finance_2021,0x8dab59e7e61edebabb5e689974868b93249dc6ec,bsc,9526896,0x10ed43c718714eb63d5aa57b78b54704e256024e,PancakeSwap V2,0
paraluni_2022__hn000,paraluni_2022,0x4fe8c33e07e24350a8f59ba1526b306c8ed82566,bsc,15799110,0x10ed43c718714eb63d5aa57b78b54704e256024e,PancakeSwap V2,0
paraluni_2022__hn001,paraluni_2022,0xc27265362aa001b275936477553d026da96d7347,bsc,15799120,0x10ed43c718714eb63d5aa57b78b54704e256024e,PancakeSwap V2,0
paraluni_2022__hn002,paraluni_2022,0x88c1e14f261cf347f402060a746ad8515545d739,bsc,15799110,0x10ed43c718714eb63d5aa57b78b54704e256024e,PancakeSwap V2,0
paraluni_2022__hn003,paraluni_2022,0xc9dc02a16ee13e6a9ddfdb8a7605da0abb75399b,bsc,15910686,0x10ed43c718714eb63d5aa57b78b54704e256024e,PancakeSwap V2,0
paraluni_2022__hn004,paraluni_2022,0x4cf686ba5c7e5e523013d2c2b1af8134c2f52dc2,bsc,15799110,0x10ed43c718714eb63d5aa57b78b54704e256024e,PancakeSwap V2,0
paraluni_2022__hn005,paraluni_2022,0x5caab55059ac0a5908b56530e5255274011a74ee,bsc,15799110,0x10ed43c718714eb63d5aa57b78b54704e256024e,PancakeSwap V2,0
paraluni_2022__hn006,paraluni_2022,0x795b45124732e3cacea87e45ecfcce00990b9d47,bsc,15799111,0x10ed43c718714eb63d5aa57b78b54704e256024e,PancakeSwap V2,0
paraluni_2022__hn007,paraluni_2022,0xdc8a362a186065e61a4b81e941ff88510c08d7e4,bsc,15799111,0x10ed43c718714eb63d5aa57b78b54704e256024e,PancakeSwap V2,0
paraluni_2022__hn008,paraluni_2022,0x066a2bc5281bdf907a432b7c63eab21024917ff1,bsc,15799111,0x10ed43c718714eb63d5aa57b78b54704e256024e,PancakeSwap V2,0
paraluni_2022__hn009,paraluni_2022,0xdb41da7bfe5f80c3763b5ec7f12c7b988f0eec0f,bsc,15799112,0x10ed43c718714eb63d5aa57b78b54704e256024e,PancakeSwap V2,0
paraluni_2022__hn010,paraluni_2022,0xa13479c5b850d509a6015eac6b6c0376a26d7e5a,bsc,15799112,0x10ed43c718714eb63d5aa57b78b54704e256024e,PancakeSwap V2,0
paraluni_2022__hn011,paraluni_2022,0xf5b6370254fcbf6cdc85e3614ba07bed60dba646,bsc,15800946,0x10ed43c718714eb63d5aa57b78b54704e256024e,PancakeSwap V2,0
paraluni_2022__hn012,paraluni_2022,0xaede9dae1756fa00f7f1519513acb350a9ba813a,bsc,15799112,0x10ed43c718714eb63d5aa57b78b54704e256024e,PancakeSwap V2,0
paraluni_2022__hn013,paraluni_2022,0xc50bbe068ac9ffb6b61a6cf63547253b29cbcfaf,bsc,15799517,0x10ed43c718714eb63d5aa57b78b54704e256024e,PancakeSwap V2,0
paraluni_2022__hn014,paraluni_2022,0x3d70f14b462bab69b4fd952c373786c122d2e34c,bsc,15799112,0x10ed43c718714eb63d5aa57b78b54704e256024e,PancakeSwap V2,0
paraluni_2022__hn015,paraluni_2022,0x93f44b7c9e7860ae051558d5f55670d4fbc1ac3b,bsc,15799112,0x10ed43c718714eb63d5aa57b78b54704e256024e,PancakeSwap V2,0
paraluni_2022__hn016,paraluni_2022,0xc7d51d0799a88f93afa5ee3fc1eea7ccff6f8c54,bsc,15799112,0x10ed43c718714eb63d5aa57b78b54704e256024e,PancakeSwap V2,0
paraluni_2022__hn017,paraluni_2022,0x2cd96e8c3ff6b5e01169f6e3b61d28204e7810bb,bsc,15799112,0x10ed43c718714eb63d5aa57b78b54704e256024e,PancakeSwap V2,0
paraluni_2022__hn018,paraluni_2022,0x87ae87773345fa023e7d1556b1159af6b74cbb57,bsc,16163029,0x10ed43c718714eb63d5aa57b78b54704e256024e,PancakeSwap V2,0
paraluni_2022__hn019,paraluni_2022,0x0e4c6c86553f62421d78e10181489744b7f392e4,bsc,15799112,0x10ed43c718714eb63d5aa57b78b54704e256024e,PancakeSwap V2,0
paraluni_2022__hn020,paraluni_2022,0xbefd8081e6e45166fe84433828e83b53f4a28a76,bsc,15799112,0x10ed43c718714eb63d5aa57b78b54704e256024e,PancakeSwap V2,0
paraluni_2022__hn021,paraluni_2022,0x7573d56c4b846388b12105dedb956565799e4fc3,bsc,15799112,0x10ed43c718714eb63d5aa57b78b54704e256024e,PancakeSwap V2,0
circulate_2023__hn000,circulate_2023,0x6aa50120d2bc283fb81eedf6bf5d002894c3cacc,bsc,24440185,0x10ed43c718714eb63d5aa57b78b54704e256024e,PancakeSwap V2,0
circulate_2023__hn001,circulate_2023,0xc0fde72a979820e516919b80418a97823211465b,bsc,24441396,0x10ed43c718714eb63d5aa57b78b54704e256024e,PancakeSwap V2,0
circulate_2023__hn002,circulate_2023,0x6bd9eb5fea25bb88fdfb4cdadf9ffd09e4ae447d,bsc,24440185,0x10ed43c718714eb63d5aa57b78b54704e256024e,PancakeSwap V2,0
circulate_2023__hn003,circulate_2023,0xb67d29025cbc8db661997205bf59370feef8730a,bsc,24440186,0x10ed43c718714eb63d5aa57b78b54704e256024e,PancakeSwap V2,0
circulate_2023__hn004,circulate_2023,0xbc24b8763f80d492517f114bd3496f4f346ec75d,bsc,24440186,0x10ed43c718714eb63d5aa57b78b54704e256024e,PancakeSwap V2,0
circulate_2023__hn005,circulate_2023,0x1c57d3ad6ffbe2a6e10bc2322c55441db84372ba,bsc,24440186,0x10ed43c718714eb63d5aa57b78b54704e256024e,PancakeSwap V2,0
circulate_2023__hn006,circulate_2023,0xb23a94c8bf2a9dc9b75c2fdecbfd3f5a234c7d66,bsc,24440186,0x10ed43c718714eb63d5aa57b78b54704e256024e,PancakeSwap V2,0
circulate_2023__hn007,circulate_2023,0x5cc270a2e13ad401b3307edff62aa04f4eacb2ca,bsc,24440187,0x10ed43c718714eb63d5aa57b78b54704e256024e,PancakeSwap V2,0
circulate_2023__hn008,circulate_2023,0x8acc41cef20c5dfcaf4642a1bb43ec22aa0fbec8,bsc,24440187,0x10ed43c718714eb63d5aa57b78b54704e256024e,PancakeSwap V2,0
circulate_2023__hn009,circulate_2023,0xc3716bc3b8aaa1ec18c78cac50c4db366d16308b,bsc,24464540,0x10ed43c718714eb63d5aa57b78b54704e256024e,PancakeSwap V2,0
circulate_2023__hn010,circulate_2023,0xb3ffb4d448ae7c5784d29a57c06ae52f0399338b,bsc,24440187,0x10ed43c718714eb63d5aa57b78b54704e256024e,PancakeSwap V2,0
circulate_2023__hn011,circulate_2023,0x33cca857312e3ed0644d3c09f1cdaaa1142e46a0,bsc,24440187,0x10ed43c718714eb63d5aa57b78b54704e256024e,PancakeSwap V2,0
circulate_2023__hn012,circulate_2023,0x8910f21aeafa7a72ffe087a3aaf0f4621384a1e1,bsc,24440589,0x10ed43c718714eb63d5aa57b78b54704e256024e,PancakeSwap V2,0
circulate_2023__hn013,circulate_2023,0xc7fe6b5625221e467e3de41f13e6a9fdaaf0b9fe,bsc,24440188,0x10ed43c718714eb63d5aa57b78b54704e256024e,PancakeSwap V2,0
circulate_2023__hn014,circulate_2023,0x92a8c5ad61caca382d1e787e5da17bdd955a1529,bsc,24440188,0x10ed43c718714eb63d5aa57b78b54704e256024e,PancakeSwap V2,0
circulate_2023__hn015,circulate_2023,0xbe342f7cc6ca5efc8425e377ddaa1be4fc679e42,bsc,24440189,0x10ed43c718714eb63d5aa57b78b54704e256024e,PancakeSwap V2,0
circulate_2023__hn016,circulate_2023,0xf45a7990a2129e30ccb47154503016f33d3ff5c5,bsc,24440189,0x10ed43c718714eb63d5aa57b78b54704e256024e,PancakeSwap V2,0
circulate_2023__hn017,circulate_2023,0xb865f79e276bff3936cce9f6738e3f2eb35af254,bsc,24440577,0x10ed43c718714eb63d5aa57b78b54704e256024e,PancakeSwap V2,0
circulate_2023__hn018,circulate_2023,0x081d5cb44813a0044262a7925261ff71fd288798,bsc,24440787,0x10ed43c718714eb63d5aa57b78b54704e256024e,PancakeSwap V2,0
circulate_2023__hn019,circulate_2023,0x090a144f1211c3ca8ea518eba65016f2851dfd5c,bsc,24440193,0x10ed43c718714eb63d5aa57b78b54704e256024e,PancakeSwap V2,0
circulate_2023__hn020,circulate_2023,0xb22a2380984503840b950f46021e802350aeccaf,bsc,24440193,0x10ed43c718714eb63d5aa57b78b54704e256024e,PancakeSwap V2,0
circulate_2023__hn021,circulate_2023,0xee08bbbbe79f8b7dd8e146fc0a9ee645f0d65641,bsc,24440194,0x10ed43c718714eb63d5aa57b78b54704e256024e,PancakeSwap V2,0
