Time,Chain,Name,Heist,BlockNumber,bridge_name_hint,non_eth_chain,screening_note
2018-04-01T00:00:00,ETH,FakeMetadiumPresale,0x6ca33486eed915816560630b883a047c4e2b92df,5166170.0,False,False,
2018-06-01T00:00:00,ETH,BancorHacker,0xbceaa0040764009fdcff407e82ad1f06465fd2c4,7256822.0,False,False,
2018-10-01T00:00:00,ETH,SpankChainHacker,0xcf267ea3f1ebae3c29fea0a3253f94f3122c2199,6441781.0,False,False,
2019-07-01T00:00:00,ETH,BitpointHacker,0x0e57edba0fccb1e388926193c873120cab961fee,8129853.0,False,False,
2019-12-17T00:00:00,ETH,ETDP,0xe291bb52301c99d50e63ca558869853eb5b6f4f6,9067000.0,False,False,
2020-04-01T00:00:00,ETH,Lendf.MeHacker,0xa9bf70a420d364e923c74448d9d817d3f2a77822,9899660.0,False,False,
2020-10-01T00:00:00,ETH,HarvestFinance,0xf224ab004461540778a914ea397c589b677e27bb,11128720.0,False,False,
2020-12-01T00:00:00,ETH,NexusMutualHacker,0x09923e35f19687a524bbca7d42b92b6748534f25,11450615.0,False,False,
2020-12-01T00:00:00,ETH,WarpFinanceHacker,0xebc6bd6ac2c9ad4adf4ba57e9f709b8b9cf03c40,11448910.0,False,False,
2021-04-01T00:00:00,ETH,EasyfiHacker,0x83a2eb63b6cc296529468afa85dbde4a469d8b37,12269340.0,False,False,
2021-04-01T00:00:00,ETH,UraniumFinanceHacker,0xc61429117038a1f13881dd7410b80771f28e06ec,12326525.0,False,False,
2021-06-29T00:00:00,ETH,THORChain-1,0xa282ba3825fa1cf0690edeeeb72b4098d9115538,12676880.0,False,False,
2021-07-16T00:00:00,ETH,THORChain-2,0x3a196410a0f5facd08fd7880a4b8551cd085c031,12832725.0,False,False,
2021-07-23T00:00:00,ETH,THORChain-3,0x8c1944FAC705ef172f21f905b5523Ae260F76d62,12859550.0,False,False,
2021-08-01T00:00:00,ETH,PolyNetworkExploiter,0xc8a65fadf0e0ddaf421f28feab69bf6e2e589963,12990630.0,False,False,
2021-08-01T00:00:00,ETH,LiquidExchangeHacker,0x5578840aae68682a9779623fa9e8714802b59946,13051230.0,False,False,
2021-08-04T00:00:00,ETH,Popsicle,0xf9E3D08196F76f5078882d98941b71C0884BEa52,12954900.0,False,False,
2021-08-04T00:00:00,BSC,Wault.Finance,0x886358f9296De461d12e791BC9Ef6F5a03410C64,9728490.0,False,True,CHECK_MANUALLY_non_eth_chain
2021-10-01T00:00:00,ETH,CreamFinance,0x24354d31bc9d90f62fe5f2454709c32049cf866b,13499850.0,False,False,
2021-11-01T00:00:00,ETH,BadgerDAOExploitFunder,0x1fcdb04d0c5364fbd92c73ca8af9baa72c269107,13651274.0,False,False,
2021-12-01T00:00:00,ETH,BitmartHack,0x39fb0dcd13945b835d47410ae0de7181d3edf270,13742304.0,False,False,
2021-12-01T00:00:00,ETH,VulcanForged,0x48ad05a3b73c9e7fac5918857687d6a11d2c73b1,13793095.0,False,False,
2021-12-01T00:00:00,ETH,AscendEXHacker,0x2c6900b24221de2b4a45c8c89482fff96ffb7e55,13786399.0,False,False,
2022-01-01T00:00:00,ETH,LCXHacker,0x165402279f2c081c54b00f0e08812f3fd4560a05,13967500.0,False,False,
2022-01-18T00:00:00,ETH,ATOStolenFunds,0x6e1218c55f1acb588fc5e55b721f1183d7d29d3d,14024742.0,False,False,
2022-01-28T00:00:00,BSC,QBridge,0xD01Ae1A708614948B2B5e0B7AB5be6AFA01325c7,14742000.0,True,True,STRONG_CANDIDATE_bridge_in_name
2022-02-01T00:00:00,ETH,DEGOandCocosExploiter,0x118203b0f2a3ef9e749d871c8fef5e5e55ef5c91,14174816.0,False,False,
2022-03-01T00:00:00,ETH,CashioAppExploiter,0x86766247ba3405c5f15f06b895294200809e9cfb,14409859.0,False,False,
2022-03-09T00:00:00,FTM,Fantasm,0x47091E015b294B935BAbDA2d28aD44e3Ab07ae8D,32968060.0,False,True,CHECK_MANUALLY_non_eth_chain
2022-03-13T00:00:00,BSC,Paraluni,0x94bC1d555E63eEA23fE7FDbf937ef3f9aC5fcF8F,16000710.0,False,True,CHECK_MANUALLY_non_eth_chain
2022-03-18T00:00:00,BSC,Redruby DAO,0x9A52DAeb40b898b1AF30c5c428243D4C827B18ad,21897070.0,False,True,CHECK_MANUALLY_non_eth_chain
2022-03-29T00:00:00,ETH,Ronin Bridge,0x098b716b8aaf21512996dc57eb0615e2383e2f96,14442775.0,True,False,STRONG_CANDIDATE_bridge_in_name
2022-04-01T00:00:00,ETH,BYAC NFT,0xe34F004BDef6F069b92dc299587D6c8A731072Da,14475845.0,False,False,
2022-04-02T00:00:00,ETH,Inverse Finance-2,0x8B4C1083cd6Aef062298E1Fa900df9832c8351b3,14505413.0,False,False,
2022-04-17T00:00:00,ETH,Beanstalk Farms,0x1c5dcdd006ea78a7e4783f9e6021c32935a10fb4,14595300.0,False,False,
2022-05-05T00:00:00,FTM,Pragma,0xDA58c006b96C812d8abD1C8036a19c6062271203,37283160.0,False,True,CHECK_MANUALLY_non_eth_chain
2022-05-14T00:00:00,BSC,Loser Coin,0x450b8d3bae2be87151a380e1549a51162c97b87c,17796825.0,False,True,CHECK_MANUALLY_non_eth_chain
2022-05-24T00:00:00,BSC,Revisiting,0x5055e1d92779FB8400B922Dc5F6d953786A68833,18086890.0,False,True,CHECK_MANUALLY_non_eth_chain
2022-05-24T00:00:00,BSC,Hackerdao,0xcFc591dB031B760961Fe8943a183741ED7Cd1f82,17361150.0,False,True,CHECK_MANUALLY_non_eth_chain
2022-05-29T00:00:00,BSC,Novo Defi,0x31A7CC04987520cEfaCd46F734943A105b29186E,18224600.0,False,True,CHECK_MANUALLY_non_eth_chain
2022-06-12T00:00:00,ETH,Inverse Finance,0x7b792E49f640676B3706d666075E903B3A4deEc6,14972410.0,False,False,
2022-06-20T00:00:00,BSC,Whale Loans,0xD793FF8D744828c25DA7F80123B88Dd5c2Bf7A50,17991080.0,False,True,CHECK_MANUALLY_non_eth_chain
2022-07-11T00:00:00,ETH,Uniswap Phishing,0x09b5027eF3a3b7332EE90321E558baD9C4447AFA,15123605.0,False,False,
2022-07-17T00:00:00,ETH,Premint NFT,0x4eD07767e70199F2423dC67FDE6802C1E7D06cA1-0x4499bac5B15321b6fcD6Faf781Be8ae96EAAFeEf,15154400.0,False,False,
2022-08-09T00:00:00,ETH,Curve Finance,0x50f9202e0f1c1577822BD67193960B213CD2f331,15309708.0,False,False,
2022-09-08T00:00:00,BSC,New Free Dao,0x22C9736D4Fc73A8fa0EB436D2ce919F5849D6fD2,17689293.0,False,True,CHECK_MANUALLY_non_eth_chain
2022-09-20T00:00:00,ETH,Wintermute,0xe74b28c2eAe8679e3cCc3a94d5d0dE83CCB84705,15572415.0,False,False,
2022-10-06T00:00:00,BSC,BSC Token Hub,0x489a8756c18c0b8b24ec2a2b9ff3d4d447f79bec,21933735.0,False,True,CHECK_MANUALLY_non_eth_chain
2023-01-12T00:00:00,BSC,CirculateBUSD-CirculateWBNB,0x5695Ef5f2E997B2e142B38837132a6c3Ddc463b7,24641785.0,False,True,CHECK_MANUALLY_non_eth_chain
2023-01-13T00:00:00,ETH,Lendhub,0x9D0163e76BbCf776001E639d65F573949a53AB03,16386495.0,False,False,
2023-02-07T00:00:00,BSC,LianGo,0xCb65d000ec8Ee9cB74D9b4Ffb8E6fF36EcA166Ae,25776600.0,False,True,CHECK_MANUALLY_non_eth_chain
2023-03-13T00:00:00,ETH,Euler Finance,0xb2698c2d99ad2c302a95a8db26b08d17a77cedd4,16817990.0,False,False,
2023-06-27T00:00:00,Arbitrum,Chibi Finance,0x80c1ca8F002744a3b22aC5ba6FFC4Dc0DEDa58E3,104090264.0,False,True,CHECK_MANUALLY_non_eth_chain
2023-08-14T00:00:00,ETH,Zunami,0x5f4C21c9Bb73c8B4a296cC256C0cDe324dB146DF,17908895.0,False,False,
2023-08-18T00:00:00,Optimism,Exactly Protocol,0xE4f34a72d7c18b6f666d6cA53fBC3790bc9da042,108369690.0,False,True,CHECK_MANUALLY_non_eth_chain
2023-09-07T00:00:00,ETH,Fisher,0x693B725a375f599F0b6EfA0d910E749E1Bec1555,15519920.0,False,False,
2023-11-01T00:00:00,ETH,OnyxProtocol,0x085bDfF2C522e8637D4154039Db8746bb8642BfF,18476325.0,False,False,
2023-11-18T00:00:00,ETH,Kronos Research,0x2b0502FDab4e221dcD492c058255D2073d50A3ae,18600095.0,False,False,
2023-11-22T00:00:00,ETH,HECO Chain,0xFc146D1CaF6Ba1d1cE6dcB5b35dcBF895f50B0C4,18626570.0,False,False,
2023-12-12T00:00:00,ETH,OKK DEX,0xFacf375Af906f55453537ca31fFA99053A010239,18617640.0,False,False,
2024-01-01T00:00:00,ETH,Orbit Chain,0xDAdfa3Ccd40Fc3d5A0164c6f9444f60163cCBf3b-0x9ca536d01B9E78dD30de9d7457867F8898634049-0xA70F8917a957757f5505a5535df1591C54f65b9D,,False,False,
2024-01-03T00:00:00,Arbitrum,Radiant Capital,0x826D5F4d8084980366f975e10db6C4Cf1f9dDE6D,166405645.0,False,True,CHECK_MANUALLY_non_eth_chain
2024-02-13T00:00:00,Arbitrum,XKingdom,0xeF7DD2264F41107Ba90ec7d3b88444F987d6A13D,167734790.0,False,True,CHECK_MANUALLY_non_eth_chain
2024-02-24T00:00:00,ETH,RiskOnBlast,0x1eeb963133f657ed3228d04b8cd9a13280efc558,19101130.0,False,False,
2024-02-28T00:00:00,ETH,SenecaUSD,0x94641c01a4937f2C8eF930580cF396142a2942DC,18292275.0,False,False,
2024-03-05T00:00:00,Arbitrum,WooPPV2,0x9961190B258897BCa7a12B8f37F415E689D281C4,187381780.0,False,True,CHECK_MANUALLY_non_eth_chain
2024-03-28T00:00:00,ETH,Prisma Finance,0x7E39E3B3ff7ADef2613d5Cc49558EAB74B9a4202,19532250.0,False,False,
2024-04-19T00:00:00,ETH,Hedgey Finance,0xded2b1a426e1b7d415a40bcad44e98f47181dda2,19687785.0,False,False,
2024-05-14T00:00:00,Optimism,Sonne Finance,0xae4A7cDe7C99fb98B0D5fA414aa40F0300531F43,120040737.0,False,True,CHECK_MANUALLY_non_eth_chain
2024-07-12T00:00:00,ETH,Dough Finance,0x2913d90D94C9833B11a3E77F136da03075c04a0F,20288625.0,False,False,
2024-07-16T00:00:00,ETH,Li.Fi,0x8b3cb6bf982798fba233bca56749e22eec42dcf3,20124260.0,False,False,
2024-07-21T00:00:00,BSC,UtopiaSphere,0x6e12ce089a8BedeA49532010229f0913475d8d9c,40663985.0,False,True,CHECK_MANUALLY_non_eth_chain
2024-09-04T00:00:00,ETH,Pendle,0x7A2f4D625Fb21F5e51562cE8Dc2E722e12A61d1B,20671590.0,False,False,
2024-10-01T00:00:00,Polygon,CryptoBottle,0x9cE632E5FDB7151ee84e55Cf323CDb7A2977C7CE,63428584.0,False,True,CHECK_MANUALLY_non_eth_chain
2024-11-11T00:00:00,Arbitrum,DeltaPrime,0x56e7f67211683857EE31a1220827cac5cdaa634C,273285000.0,False,True,CHECK_MANUALLY_non_eth_chain
2024-11-16T00:00:00,FTM,Polter Finance,0x511f427Cdf0c4e463655856db382E05D79Ac44a6,97508700.0,False,True,CHECK_MANUALLY_non_eth_chain
2024-12-12T00:00:00,BASE,Clober DEX,0x012Fc6377F1c5CCF6e29967Bce52e3629AaA6025,23514450.0,False,True,CHECK_MANUALLY_non_eth_chain
2024-12-29T00:00:00,ETH,FEG Bridge,0xCB96ddE53F43035f7395D8DbdB652987F7630b3c,21506058.0,True,False,STRONG_CANDIDATE_bridge_in_name
2025-01-25T00:00:00,ETH,XPEXE Bridge,0x269ff4d056252A30CAd249a4CD75cb9Bcfb1F46c,21679440.0,True,False,STRONG_CANDIDATE_bridge_in_name
2025-02-24T00:00:00,ETH,0xInfini,0x3ac96134Fb0e42a52D33045AeE50b89790f05Ed0,21913141.0,False,False,
2025-03-25T00:00:00,Arbitrum,Magic,0x51c9d0264d829a4F6d525dF2357Cd20Ea79b5049,319305624.0,False,True,CHECK_MANUALLY_non_eth_chain
2025-05-30T00:00:00,ETH,Cork Protocol,0xEA6f30e360192bae715599E15e2F765B49E4da98,22524843.0,False,False,
