experiment_id,rq,model,commit_hash,seed,dataset_hash,split_policy,n,metric_primary,mean,ci_lower,ci_upper,status,notes
dataset_freeze_v0.1,N/A_dataset_freeze,N/A,no_git_repo_not_initialized,N/A,bb6dff75dc07174b,leave_one_incident_out,10,N/A,N/A,N/A,N/A,frozen,"10 incident that (5 positive+5 hard-negative), 3 chain (eth/bsc/arbitrum), 3 bridge family verified. KHONG dat nguong >=200 hard-negative (chi 39 prefix row, 9 negative) - freeze co ghi chu ro theo quyet dinh nguoi dung 2026-08-13, xem data/dataset_card.md muc Gioi han da biet. annotator_2 con trong toan bo (chua co cross-review), xem experiments/logs/cross_review_log.md. Repo chua git-init nen khong co commit_hash that."
dataset_freeze_v0.2,N/A_dataset_freeze,N/A,85529b39b5d65448876da4fbe2afc8c8e4e39ef8,N/A,e12b225a8766f822,leave_one_group_out,196,N/A,N/A,N/A,N/A,not_frozen_pending_more_mining,"SUA 2026-08-13: so lieu ban dau (213/208, ghi la dat nguong 200) SAI vi dem ca 17 hard-negative co trajectory RONG (0 action, 0 prefix row) khi build lai bang min_tainted_share/time_horizon_hours chuan. So dung DUNG: raw mining=208 (+5 control goc=213 raw), DUNG DUOC (>=1 prefix row)=191 mining + 5 control goc = 196. 196 < 200 -> CHUA dat nguong, thieu 4. Dang trong qua trinh mining bo sung co buffer (muc tieu moi 220-230 dung duoc), CHUA phai ban freeze cuoi. Xem data/dataset_card.md (da sua dong bo) va metadata/annotation_guide.md muc 9 (chan doan ty le rong)."
dataset_freeze_v0.3,N/A_dataset_freeze,N/A,3a8322501b5ff1d4cd27df5a89b8b44dbf53e232,N/A,6f33c52f9446b8b5,leave_one_group_out,258,N/A,N/A,N/A,N/A,frozen,"FREEZE CUOI 2026-08-13 sau khi sua xong ca 2 nguyen nhan cua v0.2 sai: (1) da tim va sua bug goc BSCTrace logIndex=0 co dinh cho category=external/internal (native BNB transfer) gay dedup nham 2 leg khac nhau cua cung tx_hash thanh 1, lam mat leg va gay trajectory rong gia (xem commit b588f41, decoder.py dung traceIndex thay logIndex); (2) mining bo sung co buffer cho 3 incident con margin (ronin_bridge_2022, deltaprime_arbitrum_2024, bsc_token_hub_2022, moi incident target=70/max_checked=150), KHONG dong them vao qbridge_qubit_2022/feg_bridge_2024 (da het candidate). RAW MINING=265 hard-negative (sau QA leakage round 2, loai 3 dia chi leak lap lai: 0x74de5d4f.../0x58f87685.../0xb4a8d456...). DUNG DUOC (verify that bang expand_and_build_trajectory rebuild, KHONG phai dem row tho)=253 mining (rong: 12, ty le ~4.5%) + 5 hard-negative control goc = 258 TONG DUNG DUOC. 258 >= 200 -> DAT NGUONG, da verify that. Tu nay moi bao cao so luong hard-negative phai ghi ro rieng raw/usable, khong gop chung. Tong prefix row toan dataset = 572. Xem data/dataset_card.md (v0.3, co lich su sua loi so lieu day du 7 buoc) va metadata/annotation_guide.md muc 9 (chan doan + fix). Gioi han con lai chua xu ly: nghi ngo bug traceIndex co the anh huong tram lang toi trajectory BSC positive cu (qbridge_qubit_2022, bsc_token_hub_2022) xay dung truoc khi fix - can re-verify sau, xem dataset_card.md muc Gioi han #6."
dataset_freeze_v0.4,N/A_dataset_freeze,N/A,d4fd4e26cb508ed5c0b7925c91ba2ff37d944404,N/A,c9b55c506d57e9c4,leave_one_group_out,266,N/A,N/A,N/A,N/A,frozen,"FREEZE CUOI 2026-08-13, thay the v0.3 sau khi re-verify theo yeu cau nguoi dung phat hien bug thu 2 doc lap voi bug traceIndex: merge_events_into_semantic_actions() chon sai 'representative' cho swap 2-leg (sort theo log_index thay vi xac dinh dung leg outbound tu dia chi dang trace) - xem commit 34559ea (fix code + test hoi quy) va d4fd4e2 (rebuild du lieu). Anh huong phat hien khi rebuild lai 2 positive trajectory BSC: qbridge_qubit_2022 khong doi (22 action); bsc_token_hub_2022 mat 4 swap that (14/10 action SAI -> 63 action DUNG sau fix, phuc hoi ca swap cua seed lan cua dia chi trung gian 0x46ed8b4a...). qbridge_benign_control_2022 (hard-negative control goc) 3 -> 134 action (la bot PancakeSwap tu dong, khong phai 'it giao dich nhat' nhu tieu chi chon ban dau - du lieu decode sai luc do). ronin_bridge_2022 xac nhan KHONG doi qua golden regression test; feg_bridge_2024/deltaprime_arbitrum_2024 xac nhan khong doi qua so sanh action count (khong phai golden test khoa cung). Mine lai TOAN BO hard-negative BSC tu dau (khong chi rebuild trajectory tap cu, vi _passes_structural_filter dung chung ham bi bug): qbridge_qubit_2022 26->34 accepted, bsc_token_hub_2022 69->70 accepted (do_collect=False, dung cache co san, khong can goi mang moi). ronin/deltaprime/feg (ETH/Arbitrum) giu nguyen, ngoai pham vi bug nay. QA leakage round 3: loai bsc_token_hub_2022__hn043 (trung 0x58f876... voi qbridge_qubit_2022__hn027). KET QUA CUOI (verify that bang expand_and_build_trajectory + generate_prefixes, script scripts/compute_dataset_v0.4_stats.py): RAW MINING=273, DUNG DUOC (mining)=261 (rong: 12, ~4.4%) + 5 hard-negative control goc = 266 TONG DUNG DUOC. 266 >= 200 -> DAT NGUONG, da verify that. Tong prefix row toan dataset = 614 (positive: 31, negative: 583). Xem data/dataset_card.md (v0.4, lich su sua loi so lieu day du 12 buoc) va metadata/annotation_guide.md muc 10 (chan doan bug thu 2 + fix + bang chung). Gioi han con lai: feg_bridge_2024/deltaprime_arbitrum_2024 chua co golden fixture khoa cung (chi so sanh 1 lan) - khuyen nghi them sau."
dataset_freeze_v0.5,N/A_dataset_freeze,N/A,5b66edbdfdddab5b3194cb9e74988e6db87f6291,N/A,1e3cc61e9970e205,leave_one_group_out,269,N/A,N/A,N/A,N/A,frozen,"FREEZE CUOI 2026-08-14, thay the v0.4 sau khi nguoi dung yeu cau khong coi 'khong rong' dong nghia 'dung' - phai doi chieu ngoai (bao cao cong khai / tieu chi matching goc) truoc khi tin dung. Buoc 1: doi chieu bsc_token_hub_2022 voi Elliptic - phat hien trajectory 63-action THIEU HOAN TOAN Venus Protocol (900,000 BNB collateral deposit, hanh dong hau-exploit CHINH theo bao cao). Them Venus Protocol vao protocol_map.yaml (verify qua BscScan + Blockscan/Bitquery doc lap), phat hien them 2 bug khi tich hop (representative-selection sai cho truong hop doi xung seed<->lending contract; event_type/amount_norm bi ghi de/tinh sai boi nhanh swap chung) - sua ca 2 (commit 6008264, 4594af7). Ket qua: 63 -> 66 action, 3 action lending_deposit moi tong 899,995.8-900,000.1 BNB, khop CHINH XAC bao cao Elliptic. Buoc 2: re-validate qbridge_benign_control_2022 (134 action) theo tieu chi matching goc (_passes_structural_filter that) - FAIL (fan_out_split_like_pattern, 275 dia chi dich khac nhau, bot/MEV). Thay bang candidate moi mine qua dung pipeline (0xfb152235..., 1 event outbound duy nhat trong cua so mining, pass tieu chi). Cap nhat incident_registry.csv. Buoc 3: them golden fixture cho qbridge_qubit_2022 (22 action) va bsc_token_hub_2022 (66 action) - khoa cung noi dung, chua co truoc do (chi ronin_bridge_2022 co). Rebuild + re-mine lai 5 incident + QA leakage round 5 (cung 3 dia chi leak quen thuoc). KET QUA CUOI (verify that bang expand_and_build_trajectory + generate_prefixes): RAW MINING=274, DUNG DUOC (mining)=264 (rong: 10, ~3.6%) + 5 hard-negative control goc = 269 TONG DUNG DUOC. 269 >= 200 -> DAT NGUONG, da verify that va doi chieu ngoai. Tong prefix row toan dataset = 608 (positive: 31, negative: 577). Xem data/dataset_card.md (v0.5, lich su sua loi day du 18 buoc) va metadata/annotation_guide.md muc 11 (doi chieu Buoc 1-2 chi tiet). Gioi han con lai: feg_bridge_2024/deltaprime_arbitrum_2024 van chua co golden fixture khoa cung; value_share cua bsc_token_hub_2022 van dao dong nhe (82-88%) giua cac lan build do han che kien truc chua xu ly (khong doi ket qua accept/reject)."
dataset_freeze_v0.6,N/A_dataset_freeze,N/A,95c54ec2fc0002e4710f28b5079de92b84298407,N/A,83b864477d61fcf2,leave_one_group_out,343,N/A,N/A,N/A,N/A,frozen,"FREEZE CUOI 2026-08-14, mo rong dataset tu 5 len 8 positive incident (vuot minimum gate 6, xem configs/data.yaml/tai lieu goc muc 6.1), tien gan target 10-15. Ra lai experiments/logs/excluded_candidates.md + 26 dong CHECK_MANUALLY_non_eth_chain trong incident_candidates_amlguard.csv (2 dong da dung truoc: DeltaPrime, BSC Token Hub), loc theo scope chain (bsc/arbitrum), WebSearch tung candidate con lai - chot 3 vu dat chuan evidence (khong ha chuan de ep du): Chibi Finance (Arbitrum 2023-06-27, CertiK, 2 bridge_deposit that qua Multichain+Stargate tong 556.4 ETH khop CHINH XAC bao cao), WooPPV2/WOOFi (Arbitrum 2024-03-05, Beosin/CUBE3/PeckShield, 2 bridge_deposit qua Stargate tong 200.1 ETH), UtopiaSphere (BSC 2024-07-21, CertiK, 11 bridge_deposit qua LI.FI Diamond tong 1071.5 BNB). Loai Radiant Capital (Jan 2024, khong du evidence bridge/DEX sau exploit) va Magic/Treasure DAO (khong xac nhan duoc su kien dung ngay). Bug thuc phat hien khi tich hop Chibi Finance: decode_normal_tx_row/decode_internal_tx_row (duong ETH/Arbitrum native tx) chua bao gio check bridge_address_index - da sua, dong bo voi BSC (commit 3398f03). Mine 25 hard-negative/incident moi qua dung _passes_structural_filter (do_collect=True, mang that), tong 75 raw -> QA leakage loai 1 (0xe37e799d... dung chung giua deltaprime_arbitrum_2024 va utopiasphere_2024) -> 74 hard-negative moi. Them golden fixture cho ca 3 incident moi. KET QUA CUOI (verify that bang expand_and_build_trajectory + generate_prefixes, script scripts/compute_dataset_v0.6_stats.py): RAW MINING=348, DUNG DUOC (mining)=338 (rong: 10, ~2.9%) + 5 hard-negative control goc (chi 5 incident dau co) = 343 TONG DUNG DUOC. 343 >= 200 -> DAT NGUONG, du buffer lon (143). Tong prefix row toan dataset = 724 (positive: 46, negative: 678). Xem data/dataset_card.md (v0.6, mo ta day du qua trinh mo rong) va metadata/annotation_guide.md muc 12 (chi tiet candidate + bug + xac nhan dia chi). Gioi han con lai: 19/26 candidate CHECK_MANUALLY_non_eth_chain chua ra soat - du dia mo rong tiep len target 10-15 sau nay; feg_bridge_2024/deltaprime_arbitrum_2024 van chua co golden fixture khoa cung."
dataset_freeze_v0.7,N/A_dataset_freeze,N/A,4eef71a0e55b5789bece287864e5312ae5e3712b,N/A,f3c3e573fa169466,leave_one_group_out,431,N/A,N/A,N/A,N/A,frozen,"FREEZE CUOI 2026-08-14, mo rong dataset tu 8 len 12 positive incident (dat target duoi 10-15 theo tai lieu goc muc 6.1). Ra het 19 candidate CHECK_MANUALLY_non_eth_chain con lai, loc scope chain (bsc/arbitrum), WebSearch tung candidate - chot 4: XKingdom (Arbitrum 2024-01-06, CertiK, 1 bridge_deposit Stargate ~100 ETH + bang chung mixer doc lap tren chain Ethereum khop chinh xac 453 ETH vao Tornado Cash), Wault.Finance (BSC 2021-08-04, SlowMist, 3 swap ETH->anyETH tong 370.65 ETH khop CHINH XAC bao cao), Paraluni (BSC 2022-03-13, CertiK+SlowMist, 3 swap PancakeSwap V2 tong 1187 BNB), CirculateBUSD-CirculateWBNB (BSC 2023-01-12, CertiK, gate yeu nhat - khong co swap/bridge chinh thuc, chi evidence thay the). Loai Redruby DAO/Whale Loans/LianGo (khong du evidence doc lap). Phat hien them: (1) data completeness gap o qbridge_qubit_2022 (cache goc thieu 3 giao dich that trong cua so 72h chinh thuc, da sua, 22->25 action); (2) gioi han kien truc AnySwap burn-to-bridge doi dau (decode_bsctrace_transfer_row bo qua external call gia tri=0, khong gan duoc bridge_deposit tu dong cho wault_finance_2021/circulate_2023 du co che bridge THAT da xac nhan on-chain); (3) gioi han cau truc merge_events_into_semantic_actions cho swap co leg hoan tra tu router (circulate_2023, 3 dia chi tham gia vuot gioi han srcs<=2). Mine 22 hard-negative/incident moi (do_collect=True, mang that - gap loi rate-limit BSCTrace giua chung do key cu het quota, da doi key moi va mine lai thanh cong, khong mat du lieu), tong 88/88 dat target. QA leakage toan bo 12 group: SACH, khong can loai them. Them golden fixture cho ca 4 incident moi. KET QUA CUOI (verify that bang expand_and_build_trajectory + generate_prefixes, script scripts/compute_dataset_v0.7_stats.py): RAW MINING=436, DUNG DUOC (mining)=426 (rong: 10, ~2.3%) + 5 hard-negative control goc = 431 TONG DUNG DUOC. 431 >= 200 -> DAT NGUONG, du buffer rat lon (231). Tong prefix row toan dataset = 1090 (positive: 66, negative: 1024). Xem data/dataset_card.md (v0.7, mo ta day du qua trinh mo rong) va metadata/annotation_guide.md muc 13 (chi tiet candidate + bug + xac nhan dia chi). Gioi han con lai: circulate_2023 co gate yeu nhat (chi evidence thay the); wault_finance_2021/circulate_2023 khong co bridge_deposit chinh thuc do gioi han AnySwap burn; feg_bridge_2024/deltaprime_arbitrum_2024 van chua co golden fixture khoa cung."
dataset_freeze_v0.8,N/A_dataset_freeze,N/A,ec89d8c1aed85649debb74ef7f2408f151e84ace,N/A,3e26b8fa3688ffc0,leave_one_group_out,430,N/A,N/A,N/A,N/A,frozen,"FREEZE CUOI 2026-08-14, ra soat cache/pagination he thong cho 15/16 dong primary theo yeu cau nguoi dung (qbridge_qubit_2022 da fix rieng o v0.7). Phat hien + sua 6 bug doc lap: (1) _load_cached_rows (eth/arbitrum) thieu dedup theo (hash,logIndex), khac BSCTrace da dedup tu truoc; (2) ca 2 client khong tu don cache cu truoc khi fetch lai, gay tich luy nhieu the he file chong lan lam sai merge_events_into_semantic_actions - da them wipe-before-write; (3) dia chi 1inch v4 AggregationRouter thieu 1 ky tu cuoi (39/40 hex) trong protocol_map.yaml/configs/data.yaml, khien builder khong nhan dien duoc va no trajectory (ronin_bridge_2022 - vu pilot goc: 7->25 action truoc khi sua tiep); (4) thieu 2 dia chi ha tang DEX that trong allowlist (Uniswap V3 USDC 3 pool eth, Velora v5 Augustus Swapper/ParaSwap bsc - phat hien qua QA leakage test bao loi gia, xac nhan qua WebSearch); (5) frontier dung set-comprehension khien thu tu xu ly dia chi phu thuoc hash-seed ngau nhien giua cac lan chay process khac nhau - da sua bang dict.fromkeys; (6) cache theo (chain,address) khong phan biet incident/cua so thoi gian, 2 incident dung chung dia chi ha tang pho bien (khong phai leak that, da xac nhan on-chain 481 gui/789 nhan doc lap) se ghi de cache cua nhau - xu ly thuc dung bang cach chot 1 thu tu fetch cuoi cung co dinh, gioi han kien truc con lai ghi ro trong dataset_card.md. Rebuild sach toan bo 16 dong primary, cap nhat 10 golden fixture, sua 2 test assertion cu theo du lieu moi dung hon (da doi chieu tung thay doi lon voi bang chung on-chain/WebSearch truoc khi chap nhan). Also phat hien 1 nguon phi-quyet-dinh KHAC voi bug code: wault_finance_2021/paraluni_2022 co dia chi rat nhieu giao dich cham gan gioi han phan trang 100 trang BSCTrace, gay sai so nho tu nhien giua cac lan goi API that - da chot 1 ket qua on dinh (xac nhan lap lai) lam golden. KET QUA CUOI (verify that bang expand_and_build_trajectory + generate_prefixes, max_iterations=None dung config.max_depth=6 thay vi cap thu cong=2 nhu script cu - sua them 1 diem khong nhat quan): RAW MINING=436, DUNG DUOC (mining)=425 (rong: 11, ~2.5%) + 5 hard-negative control goc = 430 TONG DUNG DUOC (12 incident day du). Rieng 11 incident RQ1 chinh (khong tinh circulate_2023 auxiliary): RAW=414, DUNG DUOC=403+5=408. Ca 2 deu >=200 -> DAT NGUONG. Tong prefix row: 1104 (12 incident, positive=79 negative=1025) / 1002 (11 incident, positive=75 negative=927). Xem data/dataset_card.md (v0.8) va metadata/annotation_guide.md muc 14 (chi tiet 6 bug + bang chung + bai hoc phuong phap luan). Gioi han con lai: kien truc cache chua scoped theo incident (muc 3 trong Gioi han); circulate_2023 (auxiliary) chua duoc ra soat trong dot nay; feg_bridge_2024/deltaprime_arbitrum_2024 van chua co golden fixture khoa cung."
dataset_freeze_v0.9,N/A_dataset_freeze,N/A,18090d5ba87bce6ca7b08e8507765417ffd664a3,N/A,49f26dc68f4ddd33,leave_one_group_out,430,N/A,N/A,N/A,N/A,frozen,"FREEZE CUOI 2026-08-14, theo yeu cau nguoi dung sau v0.8: (1) re-verify rieng ronin_bridge_2022 (vu pilot goc, tang 7->113 action, muc tang lon nhat toan dataset) - xac nhan qua math.expm1(amount_norm) tren provenance_events: 2 tx hash bridge deposit goc (0xed2c72ef=25,500,000.000000026 USDC, 0xc28fad5e=173,600.0 ETH) con nguyen ven, khop CHINH XAC bao cao goc, khong lan vao 113 action (kien truc builder chi mo rong outbound tu seed, 2 su kien nay la inbound); 0 lan bridge_deposit trong 113 action (dung thiet ke), dung 2 provenance event (khong double-count), 0/113 dong trung signature - SACH, khong can sua; (2) sua GOC bug #6 (khong giu va tam nhu v0.8): doi cache key tu (chain,address) sang (chain,address,incident_id) cho ca EtherscanClient va BscTraceClient, thread incident_id qua toan bo incident_pipeline.py + hard_negative_miner.py, them 2 test bat buoc (test_collector.py + test_bsctrace_client.py) gia lap 2 incident dung chung dia chi voi cua so khac nhau xac nhan cache doc lap bat ke thu tu fetch; migrate toan bo cache hien co (~700 cap chain/address/incident_id) bang cach nap dong ban code CU tu git HEAD de tinh dung processed-address-set (khong suy doan), KHONG re-fetch mang (tranh mat hang gio cho ~440 hard-negative candidate); phat hien + sua them 1 bug phu: script/test rebuild hard-negative dung hard_negative_id thay vi parent_incident_id lam scope gay usable tut tu 425 xuong 5, da sua ca 2 noi (compute_dataset_v0.9_stats.py + test_hard_negative_miner.py); xac nhan cache isolation THAT bang fetch that: paraluni_2022 fetch lai dung cua so rieng cho dia chi dung chung 0xdd90e5e8... -> 23->24 action (+1 that, bang chung bug that su anh huong du lieu khong chi ly thuyet), qbridge_qubit_2022 GIU NGUYEN 52 action tuyet doi - xac nhan doc lap hoan toan; (3) xac nhan ro scope RQ1: circulate_2023 chinh thuc ngoai 11 incident RQ1 chinh, ghi ro cau tra loi truc tiep trong dataset_card.md khong chi ngam hieu qua bang; (4) freeze v0.9. KET QUA CUOI: so lieu TONG khong doi so voi v0.8 (paraluni +1 action khong doi so prefix vi da cham tran cong thuc generate_prefixes) - RAW MINING=436, DUNG DUOC (mining)=425 (rong: 11, ~2.5%) + 5 hard-negative control goc = 430 TONG DUNG DUOC (12 incident day du, >=200 DAT NGUONG). Rieng 11 incident RQ1 chinh (khong tinh circulate_2023 auxiliary): RAW=414, DUNG DUOC=403+5=408 (>=200 DAT NGUONG). Tong prefix row: 1104 (12 incident, positive=79 negative=1025) / 1002 (11 incident, positive=75 negative=927). Xem data/dataset_card.md (v0.9) va metadata/annotation_guide.md muc 15 (chi tiet Buoc 1-4 + bang chung). pytest tests/ -v: 157/157 pass (0 skip, ke ca 2 test real-data: QA leakage + gate >=200). Gioi han con lai: circulate_2023 (auxiliary) chua duoc ra soat cache/pagination trong dot nay; feg_bridge_2024/deltaprime_arbitrum_2024 van chua co golden fixture khoa cung; wault_finance_2021/paraluni_2022 co 1-2 dia chi cham gan gioi han phan trang BSCTrace (100 trang), sai so nho tu nhien giua cac lan goi API that (gioi han nguon du lieu, khong phai bug)."
dataset_freeze_v2.0,N/A_dataset_freeze,N/A,d4dc07fc1f4e21a9638eed307d3b94d695050781,N/A,d8f675a25cdcc978,leave_one_group_out,612,pr_auc,N/A,N/A,N/A,frozen,"FREEZE v2.0 (2026-08-28) - nhay ver lon tu v0.9 (khong dung v1.x vi co qua nhieu thay doi chua tung duoc log rieng trong file nay giua v0.9 va gio - ghi day du lai o day de khong mat lich su). Tom tat CHUOI thay doi tu v0.9: (1) sua bug GOC value_share gop-token trong build_trajectory() (outflow_by_src cong don raw value nhieu TOKEN KHAC NHAU nhu cung don vi) - fix don dieu mot chieu, xac nhan tren 17 incident/control cu: 12/17 tang action (+9 den +437), 0/17 mat action - ronin_bridge_2022 113->1625, paraluni_2022 38->511, qbridge_qubit_2022 52->698; (2) sua bug token_category_diversity (dem ca dust token, khong loc value share); (3) them radiant_capital_arbitrum_2024 (incident thu 12, Arbitrum, phat hien va sua bug value_share TRONG LUC them incident nay); (4) sua bug fan_out=3 co dinh sang band tuong doi qua compute_max_fan_out() (Buoc 1 Giai doan B); (5) mo rong 12->15 incident (Buoc 3 Giai doan B): them Magic/Abracadabra (Arbitrum 2025), Hackerdao (BSC 2022), New Free Dao (BSC 2022 - ban dau auxiliary_low_evidence do chi 9 action pure-transfer, sau NANG len primary khi phat hien TornadoProxyLight mixer BSC thieu trong protocol_map.yaml, tang len 12 action toan bo mixer_or_exit khop bao cao); loai Novo Defi (BSC 2022 - evidence that bi kien truc min_tainted_share chan do mau hinh smurfing 30 lan chia deu duoi nguong 5%, KHONG sua giua chung, ghi nhan lam investigation rieng tuong lai); (6) PHAT HIEN QUAN TRONG NHAT: ablation tren 15 incident lo ra bridge_context (9 cot) gay hai co y nghia thong ke cho M1 (diff+0.0638 CI[+0.0101,+0.1501] p=0.036) - dieu tra xac nhan overfitting theo protocol cu the (time_to_first_bridge chi dung huong cho 5/15 incident co bridge that LI.FI/Stargate/Across, sai huong 9/15 con lai), hieu ung TANG THEO N (khong y nghia o N=11-12, ro ret o N=15) - QUYET DINH loai bo TOAN BO 9 cot bridge_context khoi M1 chinh thuc (src/models/baselines.py::BRIDGE_CONTEXT_COLS_EXCLUDED, them tham so include_bridge_context de doi chieu). KET QUA CUOI (15 incident primary, khong tinh circulate_2023 auxiliary): TONG DUNG DUOC=612 (500 mining chinh + 107 mining v2-complexity + 5 control goc), TONG prefix row=3354. RQ1 (M1 khong bridge_context vs B3): mean diff+0.0355 CI[-0.0286,+0.1288] p=0.638 - KHONG DU BANG CHUNG (KET LUAN ON DINH qua toan bo chuoi thay doi tren - xem results/reports/dataset_v2_full_comparison.md cho bang so sanh day du v1 vs v2). 197/197 test PASS, QA leakage SACH (0 tx_hash/address leak that giua group, da xac nhan tung dia chi ha tang dung chung qua eth_getCode/getsourcecode that truoc khi loai tru). Xem data/dataset_card.md (muc v2.0), results/reports/value_share_unit_mix_fix_v1.md, giai_doan_b_buoc3_expansion_summary.md, bridge_context_ablation_investigation.md, dataset_v2_full_comparison.md. Gioi han con lai: gioi han kien truc min_tainted_share voi mau hinh smurfing (Novo Defi) chua sua; Buoc 4 Giai doan B (probe benign fan-out cao) chua lam."
